email,fixme,operator,operator:type,addr:place,operator:short,emergency,@geometry,payment:cash,@id,addr:city,building,website,internet_access,contact:facebook,building:levels,addr:state,addr:postcode,landuse,addr:housenumber,addr:full,name:ur,mobile,description,wheelchair,healthcare:speciality,type,barrier,check_date,name,name:hi,name:en,payment:debit_cards,source,name:ar,payment:credit_cards,healthcare,addr:district,amenity,operator:wikidata,branch,contact:phone,phone,addr:street,latitude,longitude
,,,,,,,center,,relation/5622389,,yes,,,,,,,,,,,,,yes,,multipolygon,,,Rockland Hospital,,,,,,,,,hospital,,,,,,28.3667558,76.9328488
,,,,,,,center,,way/38106806,,yes,https://www.neelkanthhospital.com/,,,,Haryana,122022,commercial,,"1, Nathupur Road, Ph-Iii, Dlf City",,,,,,,,,Neelkanth Hospital Pvt. Ltd,,,,OpenGovernmentData,,,,Gurgaon,hospital,,,,,,28.483357,77.107626
,,,,,,,center,,way/59339757,,,,,,,Haryana,122001,,,New Railway Road,,,,,,,,,Sheetla Hospital And Eye Institute Private Ltd,,,,OpenGovernmentData,,,hospital,Gurgaon,hospital,,,,,,28.4680581,77.0255218
,,,,,,,center,,way/127245642,,,,,,,Haryana,122008,,,"Cyber City, Dlf Ph 2, Dlf City Phase Ii",,,,,,,,,World Laparoscopy Hospital,,,,OpenGovernmentData,,,hospital,Gurgaon,hospital,,,,,,28.4945604,77.0916752
,,,private,,,yes,center,,way/189108366,Gurgaon,,https://www.columbiaasia.com/,,,,Haryana,122017,,Sector 23A,"Block F, Gol Chakkar, Near Ansals Plaza, Palam Vihar, Gurgaon, Delhi - NCR",,,,,multi speciality,,wall,,Columbia Asia Hospital,,,,OpenGovernmentData,,,,,hospital,,,,,Carterpuri Village,28.5091843,77.0413917
,,,,,,,center,,way/190045089,,,,,,,,,,,,,,,,,,,,,,,,,,,hospital,,hospital,,,,,,28.456161,76.9966194
,,,,,,,center,,way/225192154,,,,,,,,,,,,,,,,,,,,,,,,,,,hospital,,hospital,,,,,,28.475062,77.0643217
,,,,,,,,,node/249132373,,,,,,,Haryana,122002,,,"C-1, Sushant Lok Phase-1",,,,,,,,2025-02-23,"Paras Hospital, Gurgaon",Paras Hospital зубной,,,OpenGovernmentData,,,hospital,Gurgaon,hospital,,,,,,28.4509257,77.0876091
,Hospital name missing,,,,,,center,,way/266509357,,,,,,,,,,,,,,,,,,,,,,,,,,,,,hospital,,,,,,28.4737018,77.0794538
,,,,,,,center,,way/266510300,,,,,,,,,,,,,,,,,,,,,,,,,,,hospital,,hospital,,,,,,28.4684934,77.0844412
,,,,,,,,,node/266535263,,,,,,,,,,,,,,,,,,,2025-02-23,Max Hospital,,,,,,,hospital,,hospital,,,,,,28.462841,77.0759312
,,,,,,,center,,way/266639963,,,,,,,,,,,,,,,,,,,,,,,,,,,,,hospital,,,,,,28.4501499,77.0822225
feedback@mayomhospital.com,,,private,,,,center,,way/269803710,,,https://www.mayomhospital.com/,,,,Haryana,122002,,,"D-Block , South City -1",,,,,multi speciality,,wall,2025-02-23,Mayom Hospital,,,,OpenGovernmentData,,,hospital,Gurgaon,hospital,,,1244212500,,,28.4579775,77.0636217
,,,,,,,center,,way/269829619,,,,,,,,,,,,,,,,,,wall,,,,,,,,,,,hospital,,,,,,28.41466,77.054382
,,,,,,,center,,way/269904109,,,,,,,,,,,,,,,,,,wall,,Sanar International Hospital,,Sanar International Hospital,,,,,hospital,,hospital,,,,,,28.439411,77.1020584
,,,,,,,center,,way/272846920,,,,,,,,,,,,,,,,,,wall,,,,,,,,,,,hospital,,,,,,28.4268249,77.1103488
,,,private,,,yes,center,yes,way/308510856,,,https://www.maxhealthcare.in/index.php/hospital-network/max-hospital-Gurgaon,no,,,Haryana,122001,,,"B - Block, Sushant Lok - I, Gurgaon",,,,yes,Aesthetic And Reconstructive Surgery; Dental Care; Eye Care; Neurology; Internal Medicine; Medical and Surgical; Gastroenterology; Endocrinology and Endocrine Surgery; IVF,,,2024-05-21,Max Hospital,,Max Hospital,yes,OpenGovernmentData,,yes,hospital,Gurgaon,hospital,,,,,,28.4613357,77.0747048
info@artemishealthsciences.com,,,private,,,,center,,way/343528163,,,https://www.artemishospitals.com/,,,,Haryana,122001,commercial,,"J - Block, Mayfield Gardens, Sector-51, Near Cyber Park, Gurgaon",,,,,multi speciality,,,,Artemis Health Institute,,,,OpenGovernmentData,معهد أرتيميس الصحي,,hospital,Gurgaon,hospital,,,,,,28.4311541,77.0721527
,,,,,,,center,,way/349978194,Gurugram,yes,https://www.cloudninefertility.com/centre/fertility-ivf-hospitals-in-sector-47,,,,,122003,,"MSJ House, Plot No. A-2",,,+91-9972899728,,,fertility,,,,Cloudnine Fertility Hospital,,Cloudnine Fertility Hospital,,,,,clinic,Gurugram,hospital,,Sector 47,,,"Mayfield Gardens, Sector 47",28.427426,77.0573543
,,CK Birla,private,,,,center,,way/350059960,Gurugram,,,,,4,,122001,,,,,,,,,,,,CK Birla Hospital Sector 51,,,,,,,hospital,,hospital,,,,,May Field Gardens,28.423721,77.0614059
,,,,,,,center,,way/350812190,,,,,,,,,,,,,,,,,,,,,,,,,,,hospital,,hospital,,,,,,28.509567,77.0450773
,,,,,,,,,node/414735815,,,,,,,,,,,,,,,yes,,,,,Pushpanjali Hospital,,,,,,,,,hospital,,,,,,28.4508125,77.0328448
,,,,,,no,center,,way/415212104,Gurgaon,,,,,,,122001,,"87, IDC",,,,,,,,,,AB Hospitals,,,,,,,hospital,,hospital,,,,,"Sector 16, Mehrauli Gurgaon Road",28.4685263,77.0518756
,,,,,,no,center,,way/453862916,,,,,,,,,,,,,,,,,,,,RBS Hospital,,,,,,,hospital,,hospital,,,,,,28.4929015,77.0973756
,,,,,,,,,node/477905070,,,,,,,,,,,,,,,,,,,,Astha Hospital,,,,,,,,,hospital,,,,,,28.3509265,77.0649209
,,,,,,,,,node/477905079,,,,,,,,,,,,,,,,,,,,Gobind Hospital,,,,,,,hospital,,hospital,,,,,,28.3905221,77.0491169
,,,,,,,,,node/477905091,,,,,,,,,,,,,,,,,,,,Sai Heart and Trauma Center,,,,,,,hospital,,hospital,,,,,,28.3978752,77.0455899
,,,,,,,center,,way/542389602,,,,,,,,,,,,,,,,,,,,,,,,,,,hospital,,hospital,,,,,,28.433746,77.0068754
,,,,,,,center,,way/542389839,,,,,,,,,,,,,,,,,,,,,,,,,,,hospital,,hospital,,,,,,28.4341054,77.0067576
,,,,,,,center,,way/632734097,,,,,,,,,,,,,,,,,,,,,,,,,,,hospital,,hospital,,,,,,28.4184453,77.0975184
,,,,,,,center,,way/824913107,,,,,,,Haryana,122503,,,Mirzapur,,,Government Hospital,,,,,,"New Government Hospital, Pataudi",,,,OpenGovernmentData,,,,,hospital,,,,,,28.3328912,76.7748937
,,,,,,yes,center,,way/1153427860,Gurgaon,,,,,,,,,,,,,,,multispeciality,,,,Metro Hospital & Heart Institute,,,,,,,hospital,,hospital,,,,,,28.518172,77.0389853
,,,,,,,center,,way/1153428133,,,,,,,,,,,,,,,,,,,,,,,,,,,hospital,,hospital,,,,,,28.4797485,77.0749497
,,,,,,,center,,way/1197498942,,,http://www.sgtmedicalcollege.org/,,,,Haryana,122505,,,"Near Sultanpur Bird Sanctuary, Village Budhera",,,,,,,,,SGT Medical College Hospital & Research Institute,,,,OpenGovernmentData,,,,Gurgaon,hospital,,,,,,28.4778041,76.9034748
,,,,,,,center,,way/1272043657,,yes,,,,,,,,,,,,,,,,,,SHIV RAM HOSPITAL,,,,,,,hospital,,hospital,,,,,,28.3356352,76.7702465
,,,,,,,,,node/1371226158,,,,,,,,,,,,,,,,,,,,Sitaram Bhartia,,,,,,,hospital,,hospital,,,,,,28.4675077,77.0824741
,,,,,,,,,node/1646596545,,,,,,,,,,,,,,,,,,,,Civil Hospital,,,,,,,,,hospital,,,,,,28.2485039,77.0714498
gurgaon@vatikagroub.com,,,,,,,,,node/4194541291,,,,,,,,,,,,مختبر تحليلات,,,,,,,,,,,,,,,,,hospital,,,,01244555788,"b-1, green wood city, sector -45",28.446227,77.0613212
hr-palamvihar@metrohospitals.com,,,private,,,,,,node/4212577545,,,https://www.metrohospitals.com/content.phppage=170andparent=14,,,,Haryana,122017,,,"H - Block, Palam ViharGurgaon, Delhi -NCR",,,,,Cardiology; Medicine; Neurosurgery Orthopedic; Pediatrics and Neonatology Urology,,,,"Metro Hospital and Heart Institute, Gurgaon",,,,OpenGovernmentData,,,,Gurgaon,hospital,,,,,,28.518174,77.0388234
,,,,,,,,,node/4493652690,,,,,,,,,,,,,,,,,,,,السكن,السكن,,,,,,,,hospital,,,,,,28.4460767,77.0615689
,,,,,,,,,node/6071092569,,,,,,,,,,,,,,,,,,,,Anahat Hospital,,,,,,,,,hospital,,,,,,28.4832404,77.1071305
,,,,,,,,,node/6221554150,,,,,,,,,,,,,,,,,,,,,,,,,,,hospital,,hospital,,,,,,28.4349952,77.0352265
,,,,,,,,,node/6991277966,,,,,,,Haryana,122001,,,"1031/-, Railway Road, Near Mata Chintapurni Mandir",,,,,,,,,Sarvodya Hospital,,,,OpenGovernmentData,,,,Gurgaon,hospital,,,,,,28.4772418,77.0164105
,,,,,,,,,node/6991277967,,,,,,,Haryana,122001,,,299/2 Old Delhi Road Near Telephone Exchange,,,,,,,,,"Saraswati Hospital, Gurgaon",,,,OpenGovernmentData,,,,Gurgaon,hospital,,,,,,28.4686477,77.0382518
,,,,,,,,,node/6991278237,,,,,,,Haryana,122001,,,"B-62, Surya Vihar, Near Police Chowki Sector 4",,,,,,,,,"Shree Krishna Hospital, Gurgaon",,,,OpenGovernmentData,,,,Gurgaon,hospital,,,,,,28.4733303,77.003265
,,,,,,,,,node/6991290274,,,,,,,Haryana,122001,,,"#47/5, Jacobpura,Near Arya Samaj Mandir",,,,,,,,,"Sharma Hospital, Gurgaon",,,,OpenGovernmentData,,,,Gurgaon,hospital,,,,,,28.4618014,77.027472
,,,,,,,,,node/6991311535,,,,,,,Haryana,122001,,,"Pataudi Road, Near GovernmentSchool Gadoli",,,,,,,,,Shri Balaji Hospital and Trauma Center,,,,OpenGovernmentData,,,,Gurgaon,hospital,,,,,,28.4409108,76.980076
,,,,,,,,,node/6991349886,,,,,,,Haryana,122001,,,"Sec.-9-10, Basai Chowk, Basai Road",,,,,,,,,Shri Balaji`S Multispeciality Hospital,,,,OpenGovernmentData,,,hospital,Gurgaon,hospital,,,,,,28.4577278,76.9909818
,,,,,,,,,node/6991532456,,,,,,,Haryana,122001,,,"Kasan Road, Next To Union Bank,Manesar, G",,,,,,,,,Siyaram Hospital,,,,OpenGovernmentData,,,,Gurgaon,hospital,,,,,,28.3547767,76.9334283
info@anandhospitals.com,,,private,,,,,,node/6991634425,,,http://anandhospitals.com/,,,,Haryana,122003,,,"171, Sector-56, Gurgaon, Delhi -NCR",,,,,,,,,"Anand Hospital, Gurgaon",,,,OpenGovernmentData,,,hospital,Gurgaon,hospital,,,,,,28.42578,77.09168
,,,,,,,,,node/6993917647,,,,,,,Haryana,122001,,,"Manadan Puri Road, Manadan Puri Road",,,,,maternity,,,,Navjeevan Hospital and Maternity Centre,,,,OpenGovernmentData,,,hospital,Gurgaon,hospital,,,,,,28.4571607,77.0143104
info@sethihospital.in,,,private,,,,,,node/6993922158,Gurgaon,,http://www.sethihospital.in/,,,,Haryana,122001,,,"301-302/4, Model Town, Basai Road",,,,,Orthopedic;Internal Medicine;Laparoscopic Surgery;Cardiology;Obstetrics and Gynaecology;Emergency and Critical Care;Pediatrics Neurosurgery;Gastroenterology,,,,Sethi Hospital,,,,OpenGovernmentData,,,hospital,Gurgaon,hospital,,,,,,28.4565865,77.0207731
,,,,,,,,,node/6993926207,,,,,,,Haryana,122003,,,"135-P, Sector-56",,,,,surgery,,,,"Surgicare Hospital, Gurgaon",,,,OpenGovernmentData,,,hospital,Gurgaon,hospital,,,,,,28.4272365,77.0940806
gurgaon@parkhospital.in,,,private,,,,,,node/6993926819,,,https://parkhospital.in/,,,,Haryana,122001,,,"Q Block, South City 2, Sohna Road, Main Sec-47, Gurgaon",,,,,multi speciality,,,,Park Hospital Gurgaon,,,,OpenGovernmentData,,,hospital,Gurgaon,hospital,,,7503141435,,,28.4201363,77.0487258
,,,,,,,,,node/6993931828,,,,,,,Haryana,122001,,,"Near Bhuteshwar Mandir,Basai Road",,,,,maternity,,,,Pasricha Hospital and Maternity Home,,,,OpenGovernmentData,,,hospital,Gurgaon,hospital,,,,,,28.4568812,77.0222792
,,,,,,,,,node/6993972307,,,,,,,Haryana,122103,,,".D. Hotel, Opposite Bus Stand, Main Road, Sohna",,,,,,,,,Vardaan Hospital and Trauma Centre,,,,OpenGovernmentData,,,,Gurgaon,hospital,,,,,,28.2468537,77.0728482
,,,,,,,,,node/6994059852,,,,,,,Haryana,122001,,,Main Jharsa Road,,,,,,,,,Dayal Eye & Maternity Centre,,,,OpenGovernmentData,,,hospital,Gurgaon,hospital,,,,,,28.4559386,77.0374082
,,,,,,,,,node/6994092369,Gurgaon,,,,,,Haryana,122001,,,"Basai Road, OppositeDharam Kanta",,,,,,,,,Shubham Hospital,,,,OpenGovernmentData,,,hospital,Gurgaon,hospital,,,,,,28.4567439,77.0210648
info@kalyanihospital.com,,,private,,,,,,node/6994099950,,,https://www.kalyanihospital.com/,,,,Haryana,,,,"Mehrauli Gurgaon Road, OppositeGovt Girls College, Near Sector - 14, Gurgaon",,,,,multi specialit,,,2024-11-22,"Kalyani Hospital, Gurgaon",,,,OpenGovernmentData,,,hospital,Gurgaon,hospital,,,,,,28.4678366,77.0422697
,,,,,,,,,node/6994228914,,,,,,,Haryana,122002,,,"1, Dakshin Marg Dlf City Phase-Ii",,,,,,,,2025-02-23,Uma Sanjeevani Health Centre And Hospital,,,,OpenGovernmentData,,,hospital,Gurgaon,hospital,,,,,,28.4814867,77.0863196
info@privathospital.org,,,private,DLF City-II,,,,,node/6994248249,,,https://www.privathospital.org/,,,,Haryana,122002,,,,,,,,multi speciality,,,,Privat Hospital,,,,OpenGovernmentData,,,hospital,Gurgaon,hospital,,,,,Mehrauli-Gurgaon Road,28.4797951,77.0746909
,,,,,,,,,node/6994329594,,,,,,,Haryana,122001,,,"563, Saraswati Vihar, Chakarpur",,,,,,,,,"Sidhesh Hospital, Gurgaon",,,,OpenGovernmentData,,,hospital,Gurgaon,hospital,,,,,,28.4752436,77.0824251
,,,,,,,,,node/6994541473,,,,,,,Haryana,122001,,,"21 L New Colony, Near Our Lady Of Fatima School",,,,,,,,,Chiranjiv Hospital,,,,OpenGovernmentData,,,,Gurgaon,hospital,,,,,,28.4644545,77.0187361
,,,,,,,,,node/6997221454,,,,,,,Haryana,122016,,,"Plot No. H-2/149, Near Yadav Market, Bajghera Road New Palam Vihar",,,,,,,,,"Kalyan Hospital, Gurgaon",,,,OpenGovernmentData,,,,Gurgaon,hospital,,,,,,28.5061017,77.0222524
,,,,,,,,,node/6997230529,,,,,,,Haryana,122001,,,"Pataudiroad, OppositeKadipurindustrialarea",,,,,,,,,"Sangwan Hospital, Gurgaon",,,,OpenGovernmentData,,,hospital,Gurgaon,hospital,,,,,,28.4749937,77.0561126
,,,,,,,,,node/6997303635,,,,,,,Haryana,122001,,,"Opposite Carrier Aircon, Near Haldiram Chowk, Kherki Daula, Nh-8",,,,,,,,,S.R.S. Hospital and Critical Care Unit,,,,OpenGovernmentData,,,,Gurgaon,hospital,,,,,,28.4033015,76.9881588
,,,private,,,,,,node/6997463000,,,http://drumeshgupta.com/,,,,Haryana,122002,,,"Dr.Umesh Gupta, A-520, Sushant Lok-1, Near IFFCO Chowk Metro Station",,,,,,,,,Umkal Hospital,,,,OpenGovernmentData,,,hospital,Gurgaon,hospital,,,,,,28.4715295,77.0733096
,,,,,,,,,node/6997568727,,,,,,,Haryana,122001,,,"Sector 17-B,H No 956,Defence Colony, (Behind Iffco)By Pass Road",,,,,,,,,Thukral Hospital,,,,OpenGovernmentData,,,hospital,Gurgaon,hospital,,,,,,28.4814348,77.0653957
,,,,,,,,,node/6997600243,,,,,,,Haryana,122001,,,"207/13, Old Railway Road, Near Prem Mander Subash Nagar",,,,,,,,,"Triveni Hospital, Gurgaon",,,,OpenGovernmentData,,,,Gurgaon,hospital,,,,,,28.463775,77.022188
,,,,,,,,,node/6997631317,,,,,,,Haryana,122001,,,113-A New Colony Near Geeta Bhawan,,,,,,,,,Taneja Hospital,,,,OpenGovernmentData,,,,Gurgaon,hospital,,,,,,28.4663216,77.0138611
,,,,,,,,,node/6997688587,,,,,,,Haryana,122001,,,John Hall Road Civil Lines,,,,,,,,,"Pushpanjali Hospital, Gurgaon",,,,OpenGovernmentData,,,,Gurgaon,hospital,,,,,,28.4500967,77.0327827
,,,,,,,,,node/6997700191,,,,,,,Haryana,122001,,,"558, Sector-5",,,,,,,,,Yashroop Medical Centre,,,,OpenGovernmentData,,,,Gurgaon,hospital,,,,,,28.4822505,77.0214477
,,,,,,,,,node/6997700192,,,,,,,Haryana,122001,,,"3236/31, Rajindera Park, Near Railway Station",,,,,,,,,Chirag Hospital Pvt. Ltd,,,,OpenGovernmentData,,,,Gurgaon,hospital,,,,,,28.4953531,77.0114095
,,,private,,,yes,,,node/6997700212,,,,,,,Haryana,122002,,,"Sector-44, Opposite Huda City Centre Metro Station",,,,,,,,2024-05-26,Fortis Memorial Research Institute / Fortis Vivekanand Hospital,,Fortis Memorial Research Institute / Fortis Vivekanand Hospital,,OpenGovernmentData,,,hospital,Gurgaon,hospital,,,,,,28.4567857,77.0728657
info@lotushospital.org,,,private,,,,,,node/6997700220,,,https://www.lotushospital.org/,,,,Haryana,122001,,,"Mata Road, Near Roadways Workshop",,,,,Laparoscopic Surgery; Orthopedic; Internal Medicine Plastic Surgery; Gynaecology; Pediatrics; Pathology; Urology,,,,"Lotus Hospital, Gurgaon",,,,OpenGovernmentData,,,,Gurgaon,hospital,,,,,,28.4692855,77.034447
,,,,,,,,,node/6997700282,,,,,,,Haryana,122001,,,"94-95, Link Road, Bhim Nagar Chowk, Opposite Dronacharya Mandir , Near New Railway Road",,,,,,,,,"Sparsh Hospital, Gurgaon",,,,OpenGovernmentData,,,,Gurgaon,hospital,,,,,,28.4701296,77.0226856
,,,,,,,,,node/6997700322,Gurgaon,,,,,,Haryana,122001,,,"1-A/22, Laxmi Garden, Pataudi Road",,,,,,,,,Mangalam Hospital and Heart Centre,,,,OpenGovernmentData,,,hospital,Gurgaon,hospital,,,,,,28.4539854,77.0139308
,,,,,,,,,node/6997714626,,,,,,,Haryana,122001,,,Sector - 30 Jal Vayu Vihar,,,,,,,,,"Shivam Hospital, Gurgaon",,,,OpenGovernmentData,,,hospital,Gurgaon,hospital,,,,,,28.4574704,77.0536983
rajiveyeworld@yahoo.com,,,private,,,,,,node/6997714637,,,https://rajiveye.tripod.com/,,,,Haryana,122001,,,"14/5 Jacobpura, Near Arya Samaj Mandir",,,,,,,,,"Rajiv Memorial Eye Infirmary, Jacobpura",,,,OpenGovernmentData,,,,Gurgaon,hospital,,,,,,28.4624763,77.0276631
,,,,,,,,,node/6997832575,,,,,,,Haryana,122001,,,"Ashok Vihar, Gurgaon",,,,,,,,,"Sneh Hospital, Gurgaon",,,,OpenGovernmentData,,,,Gurgaon,hospital,,,,,,28.4823666,77.0141546
,,,,,,,,,node/6997845822,,,,,,,Haryana,122001,,,"Opposite Vatika Arcade, - Sohna Road",,,,,,,,,Sona Devi Memorial Hospital and Trauma Centre,,,,OpenGovernmentData,,,hospital,Gurgaon,hospital,,,,,,28.3966869,77.0464955
,,,,,,,,,node/6997912505,,,,,,,Haryana,122001,,,"37, Mil Stone Hero Honda Chowk",,,,,trauma,,,,Ayushman Hospital And Trauma Centre,,,,OpenGovernmentData,,,hospital,Gurgaon,hospital,,,,,,28.4379095,77.0110461
support@aryanhospital.in,,,private,,,,,,node/6997916397,,,https://aryanhospital.in/,,,,Haryana,122001,,,"Old Railway Road, Gurgaon",,,,,ENT; Gastroenterology; Gynaecology; Maxillofacial and Oral surgery; Orthopedic; Plastic and Cosmetic Surgery Spine Surgery; Surgical Oncology; Urology,,,,Aryan Hospital,,,,OpenGovernmentData,,,,Gurgaon,hospital,,,,,,28.469559,77.0195045
,,,,,,,,,node/6997926204,,,,,,,Haryana,122101,,,Badshapur,,,,,,,,,Sai Dharamraj Hospital,,,,OpenGovernmentData,,,hospital,Gurgaon,hospital,,,,,,28.3970019,77.045605
,,,,,,,,,node/6997941837,,,,,,,Haryana,122001,,,"Khandsa Road, G",,,,,,,,,Rama Hospital & Nursing Home,,,,OpenGovernmentData,,,hospital,Gurgaon,hospital,,,,,,28.4567256,77.0230785
,,,,,,,,,node/6998006318,,,,,,,Haryana,122001,,,"Main Sohna Road, Near Radha Krishna Temple Badshahpur",,,,,,,,,Ekta Hospital,,,,OpenGovernmentData,,,hospital,Gurgaon,hospital,,,,,,28.3981002,77.0453744
,,,,,,,,,node/6998006337,,,,,,,Haryana,122001,,,"Sector-4, Railway Road",,,,,,,,,Jain Sant Phool Chand Ji Charitable Hospital,,,,OpenGovernmentData,,,,Gurgaon,hospital,,,,,,28.4771569,77.0158929
,,,,,,,,,node/6998051836,,,,,,,Haryana,122001,,,"Near Radha Krishan Mandir, Opp Corporation Bank, Sohna Road, Badshahpur",,,,,,,,,"Sanjeevani Hospital, Gurgaon",,,,OpenGovernmentData,,,hospital,Gurgaon,hospital,,,,,,28.3969405,77.046572
Kathuria.hospital@yahoo.com,,,private,,,,,,node/6998114433,,,http://www.kathuriahospital.com/index.html,,,,Haryana,122002,,,"19/8, Model Town, Opp SD School, Khandsa Road, Gurgaon",,,,,Endoscopic procedure; Neuro surgery; Paediatric; Plastic surgery; Laparoscopic surgery; Endoscopic and urology surgery Gyne; Skin; V.D.Ortho; Dental,,,,Kathuria Hospital,,,,OpenGovernmentData,,,hospital,Gurgaon,hospital,,,,,,28.4534132,77.0199907
,,,,,,,,,node/7000653109,,,,,,,Haryana,122001,,,"166/20, Basai Road",,,,,,,,,Tirath Ram Hospitals Pvt Ltd,,,,OpenGovernmentData,,,hospital,Gurgaon,hospital,,,,,,28.457085,77.0201597
ashishlall@rediffmail.com,,,private,,,,,,node/7001015603,,,http://www.lallhospital.com/,,,,Haryana,122001,,,"3654, New Railway Road",,,,,Medicine; Pediatrics; ENT; Gynaecology; Surgery; Orthopedics; Skin; Psychiatry Eye,,,,Lall Nursing and Maternity Home,,,,OpenGovernmentData,,,,Gurgaon,hospital,,,,,,28.4667802,77.027307
infogurgaon1@centreforsight.net,,,private,,,,,,node/7001218513,,,https://www.centreforsight.net/,,,,Haryana,122001,,,"Plot 399/1, New railway road",,,,,Neuro Ophthalmology; Pediatric Ophthalmology ; Ophthalmology,,,,"Centre For Sight, Gurgaon, New Railway Road",,,,OpenGovernmentData,,,,Gurgaon,hospital,,,,,,28.4682869,77.0260289
,,,,,,,,,node/7001301856,,,,,,,Haryana,122001,,,"173/27. Near Hanuman Mandir, Gali No.3 Madanpuri",,,,,,,,,"Satyam Hospital, Gurgaon",,,,OpenGovernmentData,,,,Gurgaon,hospital,,,,,,28.4609572,77.0180051
info@aedi.in,,,private,,,,,,node/7002913046,,,https://aedi.in/,,,,Haryana,122001,,,"560/1, Dayanand Colony, New Railway Road, Gurgaon",,,,,Eye Care; Dental Care,,,,Ahooja Eye and Dental Institute Hospital,,,,OpenGovernmentData,,,,Gurgaon,hospital,,,,,,28.4639141,77.0305404
ashishlall@rediffmail.com,,,private,,,,,,node/7002917150,,,http://www.lallhospital.com/,,,,Haryana,122001,,,New Railway Road,,,,,Eye care,,,,Lall Eye Care Centre,,,,OpenGovernmentData,,,,Gurgaon,hospital,,,,,,28.4667015,77.0272123
,,,,,,,,,node/7002943647,,,,,,,Haryana,122001,,,Jacobpura,,,,,,,,,Verma E.N.T. Hospital,,,,OpenGovernmentData,,,,Gurgaon,hospital,,,,,,28.4652069,77.0280714
,,,,,,,,,node/7002954086,,,,,,,Haryana,122006,,,"Near Income Tax Office Jacobpura,Sector-12A",,,,,,,,,"Gupta Hospital, Gurgaon",,,,OpenGovernmentData,,,,Gurgaon,hospital,,,,,,28.4644246,77.0268832
,,,,,,,,,node/7002991292,,,,,,,Haryana,122001,,,"14-A,Mianwali Colony New Railway Road",,,,,,,,,Jackson Hospital,,,,OpenGovernmentData,,,,Gurgaon,hospital,,,,,,28.4691487,77.0286816
,,,,,,,,,node/7002997882,,,,,,,Haryana,122001,,,Sco 1 & 2 Sector-14,,,,,,,,,"Apollo Cradle Hospital,Gurgaon",,,,OpenGovernmentData,,,,Gurgaon,hospital,,,,,,28.4786458,77.0474356
,,,,,,,,,node/7003011057,,,,,,,Haryana,122001,,,"489/11, Subhash Nagar",,,,,,,,,Sukhmani Hospital Pvt. Ltd,,,,OpenGovernmentData,,,,Gurgaon,hospital,,,,,,28.4342254,77.0481464
,,,,,,,,,node/7003011058,,,,,,,Haryana,122001,,,"A-86, 45, Feet Road, Rajendra Park",,,,,,,,,"R K Hospital, Gurgaon",,,,OpenGovernmentData,,,,Gurgaon,hospital,,,,,,28.4930865,77.0088346
,,,,,,,,,node/7007531446,Gurgaon,,,,,,Haryana,122001,,,"Near Radha Swami Satsang Bhawan , Pataudi Road ,Sec. 10",,,,,,,,,Kamla Hospital,,,,OpenGovernmentData,,,hospital,Gurgaon,hospital,,,,,,28.446446,76.9915827
,,,,,,,,,node/7007695184,,,,,,,Haryana,122001,,,"50-B & 77-C, Mianwali Colony, New Railway Road",,,,,,,,,M Goel Hospital,,,,OpenGovernmentData,,,,Gurgaon,hospital,,,,,,28.4675082,77.027738
sunrisehospital2009@yahoo.in,,,private,,,,,,node/7008020087,,,http://www.sunrisehospital.net.in/,,,,Haryana,122001,,,"Khandsa Road, Near Sector 10A",,,,,Obstetrics and Gynaecology;Pediatrics Chest and Respiratory Medicine;Orthopedic General Surgery;Internal Medicine ENT;EYE;Neuro Sciences;Dental,,,,Sunrise Hospital,,,,OpenGovernmentData,,,hospital,Gurgaon,hospital,,,,,,28.4428341,77.0106183
,,,,,,,,,node/7008078166,,,,,,,Haryana,122001,,,"554+1/21, Om Nagar, Near 35 Mile Stone, N. H. 8, Rajnagar Chowk",,,,,,,,,Rajendra Hospital,,,,OpenGovernmentData,,,hospital,Gurgaon,hospital,,,,,,28.4495431,77.0211279
,,,,,,,,,node/7008219482,,,,,,,Haryana,122001,,,"Plot No. 196, Behind Jalayu Tower,Sector 56",,,,,,,,,Kriti Hospital,,,,OpenGovernmentData,,,hospital,Gurgaon,hospital,,,,,,28.4249603,77.093567
,,,,,,,,,node/7008343539,,,,,,,Haryana,122001,,,"Near Chander Dairy,New Mata Road,Rajeev Nagar",,,,,,,,,"Jeevan Jyoti Hospital, Gurgaon",,,,OpenGovernmentData,,,,Gurgaon,hospital,,,,,,28.4763789,77.0350291
,,,,,,,,,node/7008441237,,,,,,,Haryana,122018,,,"1,Sohna Road,Islampur,Near Rajiv Chowk, Near Airofrce Police Station,G",,,,,,,,,Samvit Health Care,,,,OpenGovernmentData,,,hospital,Gurgaon,hospital,,,,,,28.4350285,77.0351672
,,,,,,,,,node/7008444605,,,,,,,Haryana,122101,,,"Opp Icici , Badshshpur",,,,,,,,,Kamal Hospital and Maternity Centre,,,,OpenGovernmentData,,,hospital,Gurgaon,hospital,,,,,,28.3887198,77.0501634
,,,,,,,,,node/7008475347,,,,,,,Haryana,122001,,,"C-1, Opp Meenakshi Public School, Sector-1 A",,,,,,,,,"Yadav Hospital, Gurgoan",,,,OpenGovernmentData,,,hospital,Gurgaon,hospital,,,,,,28.4432185,77.0031618
,,,,,,,,,node/7008691154,,,,,,,Haryana,122001,,,"118, Model Town, Khandsa Road",,,,,otolaryngology;maternity,,,,Nangia Hospital Ent and Maternity,,,,OpenGovernmentData,,,hospital,Gurgaon,hospital,,,,,,28.4558195,77.0218735
,,,,,,,,,node/7008960818,,,,,,,Haryana,122001,,,"Khandsa Road, Near State Bank Of India",,,,,,,,,Vinayak Hospital,,,,OpenGovernmentData,,,hospital,Gurgaon,hospital,,,,,,28.4543386,77.0214859
,,,,,,,,,node/7009221079,,,,,,,Haryana,122003,,,Plot. No. Nh-4 Sector - 55,,,,,,,,,Arunodaya Deseret Eye Hospital,,,,OpenGovernmentData,,,,Gurgaon,hospital,,,,,,28.4277743,77.1087643
,,,,,,,,,node/7009224944,,,,,,,Haryana,122506,,,"Sultanpur Road, Farukhnagar",,,,,,,,,Kalawati Hospital and Maternity Center,,,,OpenGovernmentData,,,,Gurgaon,hospital,,,,,,28.4467591,76.8304228
,,,,,,,,,node/7009225899,,,,,,,Haryana,122506,,,"Near Anaj Mandi, Wazir Pur Road Farrukh Nagar",,,,,,,,,Lord Krishna Hospital,,,,OpenGovernmentData,,,hospital,Gurgaon,hospital,,,,,,28.4785067,77.0854291
info@arihanthospital.net,,,private,,,,,,node/7009675990,,,www.arihanthospital.net,,,,Haryana,122001,,,"G-121, Oriental Villa, Sushant Lok III, Sector 57, Gurgaon",,,,,Obstetricsand Gynaecology; Pediatrics; Chest and Respiratory Medicine; Orthopedic; General Surgery; Internal Medicine; ENT; EYE; Neuro Sciences; Dental,,,,Arihant Hospital,,,,OpenGovernmentData,,,,Gurgaon,hospital,,,,,,28.4486051,77.0824411
,,,,,,,,,node/7009892483,,,,,,,Haryana,122001,,,"Sec 15Ii, Near Rail Vihar",,,,,,,,,Ahmed Hospital Multi Speciality,,,,OpenGovernmentData,,,hospital,Gurgaon,hospital,,,,,,28.4580332,77.0412478
info@aarvyhospital.com,,,private,,,,,,node/7010125928,,,http://aarvyhospital.com/,,,,Haryana,122001,,,"530/18, Opp. Nehru Stadium, Civil Lines",,,,,General Medicine; Pediatrics; Ophthalmology; Dental; Obstetrics and Gynaecology Orthopedics;,,,,Aarvy Hospital,,,,OpenGovernmentData,,,,Gurgaon,hospital,,,,,,28.457393,77.0300911
,,,,,,,,,node/7010125933,,,,,,,Haryana,122001,,,"Opposite Agarwal Sweet Home, Sikanderpur, Dlf Phase - Ii, M.G. Main Road",,,,,,,,,Shri Ram Memorial Hospital,,,,OpenGovernmentData,,,hospital,Gurgaon,hospital,,,,,,28.4936346,77.099508
,,,,,,,,,node/7010378677,,,,,,,Haryana,122001,,,"H-25/11, Qutab Enclave, Dlf City Phase I",,,,,,,,,Sikka Maternity And Surgical Center,,,,OpenGovernmentData,,,,Gurgaon,hospital,,,,,,28.4784222,77.0991004
,,,,,,,,,node/7010398003,,,,,,,Haryana,122001,,,"Sector, 33, At Extit, 11, Nh-8 Near Hero Honda Chowk",,,,,,,,,Vaishnavi Nursing Home,,,,OpenGovernmentData,,,hospital,Gurgaon,hospital,,,,,,28.4385723,77.0131141
,,,,,,,,,node/7010444201,,,,,,,Haryana,122001,,,"877/2, Mata Road, Opposite Homeguard, Office, Near Roadwoffice, Near Ays Workshop",,,,,,,,,"Mamta Hospital, Gurgaon",,,,OpenGovernmentData,,,,Gurgaon,hospital,,,,,,28.469724,77.0338102
,,,,,,,,,node/7010444206,,,,,,,Haryana,122001,,,"Subhash Nagar , Dhobi Ghat Old Railway Road",,,,,,,,,M.S Hospital,,,,OpenGovernmentData,,,,Gurgaon,hospital,,,,,,28.4640593,77.0218559
,,,private,,,,,,node/7010591317,,,http://www.bhardwajhospital.net/,,,,Haryana,122001,,,"Plot No - E / 1, Near Sunday MarketMain Bajgerah Road, Rajendra Park, Gurgaon",,,,,Ent;; General Surgery Gynaecology; Obesity; Oral Surgery; Pain Management; Pediatric Surgery; Plastic Surgery and Cosmetic Surgery; Reconstructive Surgery,,,,Bhardwaj Hospital,,,,OpenGovernmentData,,,,Gurgaon,hospital,,,,,,28.4901894,77.0068324
,,,,,,,,,node/7010591318,,,,,,,Haryana,122001,,,"Auto Stand Kasan, Near Sector-08, Imt Manesar",,,,,,,,,Rathore Imt Hospital,,,,OpenGovernmentData,,,,Gurgaon,hospital,,,,,,28.3743344,76.9053349
,,,,,,,,,node/7010614716,,,,,,,Haryana,122001,,,Pataudi,,,,,,,,,Anirud Hospital,,,,OpenGovernmentData,,,,Gurgaon,hospital,,,,,,28.3303118,76.7753684
,,,,,,,,,node/7010842699,,,,,,,Haryana,122001,,,"14/8,Model Town,Khandsa Road",,,,,,,,,Parashar Hospital,,,,OpenGovernmentData,,,hospital,Gurgaon,hospital,,,,,,28.4539324,77.0204298
,,,,,,,,,node/7168803716,,,,,,,Haryana,122022,,,Gurugram,,,,,,,,,Airforce Hospital,,,,OpenGovernmentData,,,,,hospital,,,,,,28.4353706,77.0234423
,,,,,,,,,node/7168803799,,,,,,,Haryana,122006,,,"Gurgaon Village, Sector 6, Gurgaon Rural",,,District Hospital,,,,,,GH Gurgaon,,,,OpenGovernmentData,,,,,hospital,,,,,,28.474246,77.027117
,,,,,,,,,node/7168803821,,,,,,,Haryana,122506,,,Farukh Nagar,,,Civil Hospital,,,,,,"Civil Hospital, Farrukh Nagar",,,,OpenGovernmentData,,,,,hospital,,,,,,28.4449338,76.8194023
,,,,,,,,,node/7168803872,,,,,,,Haryana,122103,,,"Baluda Road, Rajoria Nagar, Sohna",,,Civil Hospital,,,,,,Civil Hospital Sohna,,,,OpenGovernmentData,,,,Gurgaon,hospital,,,,,,28.249546,77.068584
,,,,,,,,,node/7168803920,,,,,,,Haryana,122001,,,"Block C, Sector 9A, Gurugram",,,,,,,,,"Esic Hospital, Gurugram",,,,OpenGovernmentData,,,,,hospital,,,,,,28.4681022,77.0013592
,,,,,,,,,node/7622826267,,,,,,,Haryana,122002,,,"Plot No. 3204, Dlf Phase 3, Sector 24",,,,,,,,,St Stephen's Hospital Health Care Facility,,,,Local Knowledge,,,,Gurugram,hospital,,,,,,28.485499,77.104817
,,,,,,,,,node/7622826291,,,,,,,Haryana,122001,,,"West Rajiv Nagar, Sector 12",,,,,,,,,Children Hospital,,,,Local Knowledge,,,,Gurugram,hospital,,,,,,28.4750562,77.0348668
,,,,,,,,,node/7622826310,,,,,,,Haryana,122001,,,"Khandsa Village Road, Sco 101, Sector 10/A",,,,,,,,,Gautam Hospital,,,,Local Knowledge,,,hospital,Gurugram,hospital,,,,,,28.442666,77.008965
,,,,,,,,,node/7622826315,,,,,,,Haryana,122051,,,"Sector 8, Imt Manesar",,,,,,,,,Nidan Hospital and Trauma Centre,,,,Local Knowledge,,,,Gurugram,hospital,,,,,,28.3728929,76.8956487
,,,,,,,,,node/7622826344,,,,,,,Haryana,122001,,,"625, 20, Madanpuri Road, Vir Nagar, Arjun Nagar, Sector 8, Gurugram",,,,,,,,,Lal Superspeciality Hospital,,,,Local Knowledge,,,hospital,Gurugram,hospital,,,,,,28.4577794,77.016731
,,,,,,,,,node/7622826345,,,,,,,Haryana,122001,,,"601, 20, Madanpuri Road, Manohar Nagar, Sector 7",,,,,,,,,Shri Gobind Hospital,,,,Local Knowledge,,,hospital,Gurugram,hospital,,,,,,28.4580095,77.0164047
,,,,,,,,,node/7622826362,,,,,,,Haryana,122051,,,"NH 48, Power Supply Colony, Manesar",,,,yes,,,,,Prakash Hospital,,,,Local Knowledge,,,,Gurugram,hospital,,,,,,28.3561342,76.9377939
,,,,,,,,,node/7625035036,,,,,,,Haryana,122503,,,Gurgaon Road,,,,,,,,,Shree Kailash Hospital,,,,Local Knowledge,,,,Gurugram,hospital,,,,,,28.3298834,76.7806897
,,,,,,,,,node/7625035039,,,,,,,Haryana,122506,,,"Gurugram Road, Main Bus Stand, Farukh Nagar",,,,,,,,,Radha Kishan Hospital,,,,Local Knowledge,,,,Gurugram,hospital,,,,,,28.4471211,76.8288722
,,,,,,,,,node/7625035040,,,,,,,Haryana,122506,,,"Ward 11, Patodi Road, Near Patli Gate, Farukh Nagar",,,,,,,,,Shri Bala G Hospital and Trauma Centre,,,,Local Knowledge,,,,Gurugram,hospital,,,,,,28.447096,76.825264
,,,,,,,,,node/7625035054,,,,,,,Haryana,122506,,,"Near Anaj Mandi, Farukh Nagar - Wazirpur Road, Farukh Nagar",,,,,,,,,Lord Krishna Hospital,,,,Local Knowledge,,,,Gurugram,hospital,,,,,,28.446282,76.8310601
,,,,,,,,,node/7625035068,,,,,,,Haryana,122506,,,Gurugram,,,,,,,,,Sai Ram Hospital,,,,Local Knowledge,,,,Gurugram,hospital,,,,,,28.4494522,76.8365867
,,,,,,,,,node/7625035082,,,,,,,Haryana,122503,,,"Ashram Hari Mandir, Pataudi",,,,,,,,,Swami Amardev Hospital,,,,Local Knowledge,,,,Gurugram,hospital,,,,,,28.3200718,76.7889252
,,,,,,,,,node/7625035086,,,,,,,Haryana,122503,,,"Nauhtta Chowk, Pataudi",,,,,,,,,Joshi Hospital,,,,Local Knowledge,,,,Gurugram,hospital,,,,,,28.3270089,76.7777801
,,,,,,,,,node/7625035102,,,,,,,Haryana,122503,,,"Gurgaon Road, Rampur, Mod, Pataud",,,,,,,,,Geetanjali Hospital,,,,Local Knowledge,,,,Gurugram,hospital,,,,,,28.3300379,76.7819844
,,,,,,,,,node/7625035104,,,,,,,Haryana,122503,,,"Mdr132, Pataudi",,,,,,,,,Rajeev Hospital,,,,Local Knowledge,,,,Gurugram,hospital,,,,,,28.3256652,76.7821101
,,,,,,,,,node/7625035105,,,,,,,Haryana,122506,,,"Farukh Nagar - Wazirpur Road, Farukh Nagar",,,,,,,,,Eye Q Hospital,,,,Local Knowledge,,,,Gurugram,hospital,,,,,,28.445697,76.832133
,,,,,,,,,node/7625035106,,,,,,,Haryana,122506,,,"Near Anaj Mandi, Farukh Nagar - Wazirpur Road",,,,,,,,,Kailash Hospital,,,,Local Knowledge,,,,Gurugram,hospital,,,,,,28.4461763,76.8314828
,,,,,,,,,node/7625035122,,,,,,,Haryana,122503,,,"Mdr132, Pataudi",,,,,,,,,Chauhan Hospital,,,,Local Knowledge,,,,Gurugram,hospital,,,,,,28.325108,76.783359
,,,,,,,,,node/7625035125,,,,,,,Haryana,122503,,,Pataudi,,,,,,,,,Tilak Hospital,,,,Local Knowledge,,,,Gurugram,hospital,,,,,,28.3290041,76.779888
,,,,,,no,,,node/8285824220,Gurugram,,,,,,,122017,,House No 3425,,,,,,dentist;pediatrics;dental_oral_maxillo_facial_surgery;dentistry;orthodontics;implantology,,,,DR KAPOOR'S Dental Care and Implant Centre,,,,,,,hospital,,hospital,,,,,"Sector 23, Near Gate No 3",28.5095465,77.0450085
,,Employees' State Insurance,,,ESI,,,,node/9985453891,,,,,,,,,,,,,,,,,,,,ESI hospital,,,,,,,hospital,,hospital,Q3595726,,,,Sector 9A,28.4682563,77.0013092
,,,,,,,,,node/11598703517,,,,,,,,,,,,,,,,,,,,Jain Hospital,,,,,,,hospital,,hospital,,,,,,28.4284279,77.058622
,,,,,,,,,node/11750077269,,,,,,,,122001,,,,,,,,,,,,,,Dr Lal Pathlabs,,,,,,,hospital,,,,,,28.4828162,77.0952619
,,,,,,,,,node/11769497940,,,,,,,,,,,,,,,,,,,,Verizon Hospital,,,,,,,,,hospital,,,,,,28.4399865,77.0705
ikonicaesthetics.in@gmail.com,,Ikonic Aesthetics,private,,,yes,,,node/12068110862,Gurgaon,,https://ikonicaesthetics.in,,https://www.facebook.com/cosmeticsurgeon.drhimaniyadav,,,122003,,Plot No 1287N,,,07827622178,"Dr. Himani Yadav is the best Cosmetic Surgeon In Gurgaon. We have a well-experienced team of doctors for Skin, Dental, and Hair Treatment. Our clinic is also equipped with all sets of the latest types of equipment. Our ultimate goal is to help you achieve",,dentist;dental_oral_maxillo_facial_surgery;skin_clinic;cosmetic_surgeon;laser_hair_removal;nose_fillers;botox_and_fillers;lip_filers,,,,Dr. Himani Yadav | Cosmetic Surgeon In Gurgaon | Botox & Fillers | HydraFacial | HIFU | Laser Hair Removal | Gurgaon,,,,,,,hospital,Haryana,hospital,,,,,"Block H, Sector 57",28.4299657,77.0777145
,,,,,,,,,node/12609739301,,,,,,,,,,,,,,,,,,,,,,Narayana multispeciaity hospital,,,,,,,hospital,,,,,,28.4981571,77.1017103
