surface,access,smoking,leisure,tourism,fixme,operator,operator:type,dog,@geometry,@id,addr:city,website,addr:village,noname,addr:postcode,highway,landuse,addr:housenumber,description,type,barrier,name:etymology:wikidata,check_date,name,name:en,grassland,brand,opening_hours:covid19,addr:district,amenity,created_by,addr:street,brand:wikidata,opening_hours,latitude,longitude
,,,park,,,,,,center,relation/3628207,,,,,,,,,,boundary,,,,,,,,,,,,,,,28.3649629,76.9579067
,,,park,,,,,,center,way/23505316,,,,,,,,,,,,,,,,,,,,,,,,,28.4944482,77.0985008
,,,park,attraction,,,,,center,way/24501701,,,,,,,,,,,wall,,,Leisure Valley Park,,,,,,,,,,,28.4691967,77.0660875
,,,park,,,,,,center,way/24530530,,,,,,,,,,,,,,,,,,,,,Potlatch 0.9a,,,,28.4191093,77.0443208
,,,park,,,,,,center,way/24530533,,,,,,,,,,,,,,,,,,,,,Potlatch 0.9a,,,,28.4194338,77.0436252
,,,park,,,,,,center,way/24530535,,,,,,,,,,,,,,,,,,,,,Potlatch 0.9a,,,,28.4198292,77.0429486
,,,park,,,,,,center,way/24636425,,,,,,,grass,,,,,,,,,,,,,,,,,,28.4556252,77.0523543
,,,park,,,,,,center,way/24636515,,,,,,,,,,,,,,,,,,,,,Potlatch 0.9c,,,,28.4181434,77.0583095
,,,park,,,,,,center,way/24636531,,,,,,,,,,,,,,,,,,,,,Potlatch 0.9c,,,,28.4161655,77.0443357
,,,park,,,,,,center,way/24636550,,,,,,,,,,,,,,,,,,,,,Potlatch 0.9c,,,,28.4166261,77.0436582
,,,park,,,,,,center,way/24636553,,,,,,residential,,,,,,,,,,,,,,,Potlatch 0.9c,,,,28.4171823,77.0532676
,,,park,,,,,,center,way/24636558,,,,,,,,,,,,,,,,,,,,,,,,,28.4168947,77.0522839
,,,park,,,,,,center,way/24636575,,,,,,,,,,,,,,,,,,,,,Potlatch 0.9c,,,,28.4488297,77.0377639
,,,park,,,,,,center,way/24636576,,,,,,,,,,,,,,,,,,,,,,,,,28.4512284,77.0401675
,,,park,,,,,,center,way/24636578,,,,,,,,,,,wall,,,,,,,,,,,,,,28.4553131,77.0439894
,,,park,,,,,,center,way/24636579,,,,,,,,,,,,,,,,,,,,,Potlatch 0.9c,,,,28.4591943,77.0461635
,,,park,,,,,,center,way/24636597,,,,,,,,,,,,,,HUDA Garden,,,,,,,,,,,28.4747832,77.0532713
,,,park,,,,,,center,way/24636676,,,,,,,,,,,,,,,,,,,,,Potlatch 0.9c,,,,28.4772716,77.0555801
,,,park,,,,,,center,way/24636700,,,,,,,,,,,,,,,,,,,,,Potlatch 0.9c,,,,28.4747356,77.0549847
,,,park,,,,,,center,way/24636726,,,,,,,,,,,,,,,,,,,,,Potlatch 0.9c,,,,28.4807361,77.0664736
,,,park,,,,,,center,way/24636733,,,,,,,,,,,,,,,,,,,,,Potlatch 0.9c,,,,28.479056,77.0686049
,,,park,,,,,,center,way/24636744,,,,,,,,,,,,,,,,,,,,,,,,,28.476234,77.0651655
,,,park,,,,,,center,way/24636745,,,,,,,,,,,,,,,,,,,,,,,,,28.4764922,77.0658735
,,,park,,,,,,center,way/24636783,,,,,,,,,,,,,,,,,,,,,Potlatch 0.9c,,,,28.4770227,77.0475335
,,,park,,,,,,center,way/24636817,,,,,,,,,,,,,,,,,,,,,Potlatch 0.9c,,,,28.4715042,77.0451619
,,,park,,,,,,center,way/24636830,,,,,,,,,,,,,,,,,,,,,Potlatch 0.9c,,,,28.4748461,77.0470014
,,,park,,,,,,center,way/24672087,,,,,,,,,,,,,,,,,,,,,Potlatch 0.9c,,,,28.4580051,77.0842619
,,,park,,,,,,center,way/24672091,,,,,,,,,,,,,,,,,,,,,Potlatch 0.9c,,,,28.455426,77.0860579
,,,park,,,,,,center,way/24672094,,,,,,,,,,,,,,,,,,,,,Potlatch 0.9c,,,,28.4560167,77.0761681
,,,park,,Footpath and entrance to map,,,,center,way/24672095,,,,,,,,,,,,,,,,,,,,,,,,,28.4621628,77.075417
,,,park,,,,,,center,way/25657420,,,,,,,,,,,,,,,,,,,,,,,,,28.4193247,77.0555752
,,,park,,,,,,center,way/28845738,,,,,,,grass,,,,,,,,,,,,,,,,,,28.4189867,77.0538574
,,,park,,,,,,center,way/34940769,,,,,,,,,,,,,,Sector 45 Community park,,,,,,,,,,,28.442319,77.067409
,,,park,,,,,,center,way/34940770,,,,,,,,,,,,,,,,,,,,,,,,,28.4415927,77.0682456
,,,park,,,,,,center,way/35463239,,,,,,,,,,,,Q1764533,,Tau Devi Lal Park,,,,,,,,,,,28.5021059,77.0568284
,,,park,,,,,,center,way/35538751,,,,,,,,,,,,,,,,,,,,,,,,,28.4547455,77.0321625
,,,park,,,,,,center,way/42917634,,,,,,,,,,,,,,,,,,,,,,,,,28.4934042,77.105937
,,,park,,,,,,center,way/42917636,,,,,,,,,,,,,,,,,,,,,,,,,28.4938187,77.1076843
,,,park,,,,,,center,way/45098399,,,,,,,,,,,,,,,,,,,,,,,,,28.4179532,77.0470275
,,,park,,,,,,center,way/45098400,,,,,,,,,,,,,,,,,,,,,,,,,28.4183393,77.045745
,,,park,,,,,,center,way/45252709,,,,,,,grass,,,,,,,,,,,,,,,,,,28.4299539,77.0573011
,,,park,,,,,,center,way/45252710,,,,,,,grass,,,,,,,,,,,,,,,,,,28.4313718,77.0554473
,,,park,,,,,,center,way/45300932,,,,,,,grass,,,,,,,,,,,,,,,,,,28.4315685,77.0590404
,,,park,,,,,,center,way/45769060,,,,,,,grass,,,,,,,,,,,,,,,,,,28.4325138,77.0565304
,,,park,,,RWA,private,,center,way/45769378,,,,,,,,,,,,,,Sector 46 Central Park,,,,,,,,Sec 46,,,28.4343974,77.0607294
,,,park,,,,,,center,way/45769386,,,,,,,grass,,,,,,,,,,,,,,,,,,28.4366758,77.0608989
,,,park,,,,,,center,way/61370308,,,,,,,,,,,,Q1764533,,Tau Devi Lal Bio-Diversity and Botonical Garden,,,,,,,,,,,28.4327439,77.0931117
,,,park,,,,,,center,way/144068823,,,,,,,,,,,,,,,,,,,,,,,,,28.4445881,77.0353389
,,,park,,,,,,center,way/154343505,,,,,,,,,,,,,,,,,,,,,,,,,28.439009,77.0673908
,,,park,,,,,,center,way/168928794,,,,,,,,,,,,,,,,,,,,,,,,,28.4237311,77.0774905
,,,park,,,,,,center,way/189047496,,,,,,,,,,,,,,,,,,,,,,,,,28.3727729,76.9204197
,,,park,,,,,,center,way/189047498,,,,,,,,,,,,,,,,,,,,,,,,,28.3716587,76.9186813
,,,park,,,,,,center,way/189047500,,,,,,,,,,,,,,,,,,,,,,,,,28.372896,76.9183912
,,,park,,,,,,center,way/189050374,,,,,,,,,,,wall,,,,,,,,,,,,,,28.3646661,76.9498442
,,,park,,,,,,center,way/189050375,,,,,,,,,,,wall,,,,,,,,,,,,,,28.3646722,76.9484607
,,,park,,,,,,center,way/189050376,,,,,,,,,,,wall,,,,,,,,,,,,,,28.3632112,76.9478039
,,,park,,,,,,center,way/189050377,,,,,,,,,,,wall,,,,,,,,,,,,,,28.3665633,76.9484865
,,,park,,,,,,center,way/189050378,,,,,,,,,,,wall,,,,,,,,,,,,,,28.3665363,76.9498602
,,,park,,,,,,center,way/189050379,,,,,,,,,,,wall,,,,,,,,,,,,,,28.3634445,76.9432937
,,,park,,,,,,center,way/189074966,,,,,,,,,,,,,,,,,,,,,,,,,28.4789009,77.0138602
,,,park,,,,,,center,way/189074970,,,,,,,,,,,,,,,,,,,,,,,,,28.471364,77.0083749
,,,park,,,,,,center,way/189074972,,,,,,,,,,,,,,,,,,,,,,,,,28.4755481,77.0067929
,,,park,,,,,,center,way/189074978,,,,,,,,,,,,,,,,,,,,,,,,,28.4719761,77.0056828
,,,park,,,,,,center,way/189074981,,,,,,,,,,,,,,,,,,,,,,,,,28.4724969,77.0124865
,,,park,,,,,,center,way/189074985,,,,,,,,,,,,,,,,,,,,,,,,,28.4771692,77.0064973
,,,park,,,,,,center,way/189075009,,,,,,,,,,,,,,,,,,,,,,,,,28.4778278,77.0097789
,,,park,,,,,,center,way/189075012,,,,,,,,,,,,,,,,,,,,,,,,,28.4750386,77.0159974
,,,park,,,,,,center,way/189075016,,,,,,,,,,,,,,,,,,,,,,,,,28.4744178,77.0039979
,,,park,,,,,,center,way/189075019,,,,,,,,,,,,,,,,,,,,,,,,,28.4769573,77.0122936
,,,park,,,,,,center,way/189075026,,,,,,,,,,,,,,,,,,,,,,,,,28.4758845,77.0039262
,,,park,,,,,,center,way/189075029,,,,,,,,,,,,,,,,,,,,,,,,,28.4728882,77.0049067
,,,park,,,,,,center,way/189075033,,,,,,,,,,,,,,,,,,,,,,,,,28.4728061,77.0145577
,,,park,,,,,,center,way/189088291,,,,,,,,,,,,,,,,,,,,,,,,,28.4713258,77.0020886
,,,park,,,,,,center,way/189088292,,,,,,,,,,,,,,,,,,,,,,,,,28.4725465,76.9995264
,,,park,,,,,,center,way/189108363,,,,,,,,,,,wall,,,,,,,,,,,,,,28.5032913,77.0440846
,,,park,,,,,,center,way/189108364,,,,,,,,,,,,,,,,,,,,,,,,,28.5056855,77.050821
,,,park,,,,,,center,way/189108365,,,,,,,,,,,,,,Ticona Park,,,,,,,,,,,28.5063432,77.0496458
,,,park,,,,,,center,way/189108367,,,,,,,,,,,,,,,,,,,,,,,,,28.5045201,77.0374492
,,,park,,,,,,center,way/189108368,,,,,,,,,,,,,,,,,,,,,,,,,28.5039803,77.0397483
,,,park,,,,,,center,way/189108369,,,,,,,,,,,,,,,,,,,,,,,,,28.5066644,77.0408908
,,,park,,,,,,center,way/189120073,,,,,,,,,,,,,,,,,,,,,,,,,28.5070919,77.0536365
,,,park,,,,,,center,way/189120074,,,,,,,,,,,,,,,,,,,,,,,,,28.5082509,77.0620529
,,,park,,,,,,center,way/189120075,,,,,,,,,,,,,,,,,,,,,,,,,28.5044578,77.0619889
,,,park,,,,,,center,way/189120077,,,,,,,,,,,,,,,,,,,,,,,,,28.5067943,77.0590064
,,,park,,,,,,center,way/189120078,,,,,,,,,,,wall,,,,,,,,,,,,,,28.5152772,77.042879
,,,park,,,,,,center,way/189120079,,,,,,,,,,,,,,,,,,,,,,,,,28.5066788,77.0620639
,,,park,,,,,,center,way/189120080,,,,,,,,,,,,,,,,,,,,,,,,,28.5137624,77.04747
,,,park,,,,,,center,way/189120082,,,,,,,,,,,,,,,,,,,,,,,,,28.5142277,77.0523463
,,,park,,,,,,center,way/189120083,,,,,,,,,,,,,,,,,,,,,,,,,28.5079418,77.067681
,,,park,,,,,,center,way/189120084,,,,,,,,,,,,,,,,,,,,,,,,,28.5110021,77.0445507
,,,park,,,,,,center,way/189120086,,,,,,,,,,,,,,,,,,,,,,,,,28.5090528,77.0497671
,,,park,,,,,,center,way/189120087,,,,,,,,,,,,,,,,,,,,,,,,,28.5041319,77.0601162
,,,park,,,,,,center,way/189120088,,,,,,,,,,,,,,,,,,,,,,,,,28.5040304,77.0642136
,,,park,,,,,,center,way/189120090,,,,,,,,,,,,,,,,,,,,,,,,,28.5153723,77.0477139
,,,park,,,,,,center,way/189120091,,,,,,,,,,,,,,,,,,,,,,,,,28.5123032,77.0451226
,,,park,,,,,,center,way/189120092,,,,,,,,,,,,,,,,,,,,,,,,,28.5071016,77.067696
,,,park,,,,,,center,way/189120094,,,,,,,,,,,,,,,,,,,,,,,,,28.5080014,77.051343
,,,park,,,,,,center,way/189120097,,,,,,,,,,,,,,,,,,,,,,,,,28.5032495,77.0587015
,,,park,,,,,,center,way/190041765,,,,,,,,,,,,,,,,,,,,,,,,,28.4482527,77.0044461
,,,park,,,,,,center,way/190041766,,,,,,,,,,,,,,,,,,,,,,,,,28.4417978,77.0038956
,,,park,,,,,,center,way/190041767,,,,,,,,,,,,,,,,,,,,,,,,,28.4470505,77.0027987
,,,park,,,,,,center,way/190041768,,,,,,,,,,,,,,,,,,,,,,,,,28.4457888,77.0027305
,,,park,,,,,,center,way/190041769,,,,,,,,,,,,,,,,,,,,,,,,,28.4448561,77.0074122
,,,park,,,,,,center,way/190041770,,,,,,,,,,,,,,,,,,,,,,,,,28.4474842,77.0016186
,,,park,,,,,,center,way/190041771,,,,,,,,,,,,,,,,,,,,,,,,,28.4487316,76.9987918
,,,park,,,,,,center,way/190041772,,,,,,,,,,,,,,,,,,,,,,,,,28.4476088,77.0064053
,,,park,,,,,,center,way/190041773,,,,,,,,,,,,,,,,,,,,,,,,,28.442515,77.0020845
,,,park,,,,,,center,way/190041774,,,,,,,,,,,,,,,,,,,,,,,,,28.4402974,77.0041448
,,,park,,,,,,center,way/190041775,,,,,,,,,,,,,,,,,,,,,,,,,28.4470646,77.0051005
,,,park,,,,,,center,way/190041776,,,,,,,,,,,,,,,,,,,,,,,,,28.4449928,77.0033628
,,,park,,,,,,center,way/190041777,,,,,,,,,,,,,,,,,,,,,,,,,28.4460504,77.0060706
,,,park,,,,,,center,way/190041778,,,,,,,,,,,,,,,,,,,,,,,,,28.4406481,77.0057667
,,,park,,,,,,center,way/190041779,,,,,,,,,,,,,,,,,,,,,,,,,28.4466972,77.0005793
,,,park,,,,,,center,way/190045085,,,,,,,,,,,,,,,,,,,,,,,,,28.4545086,77.0080843
,,,park,,,,,,center,way/190045086,,,,,,,,,,,,,,,,,,,,,,,,,28.4524937,76.9962826
,,,park,,,,,,center,way/190045087,,,,,,,,,,,,,,,,,,,,,,,,,28.4543332,77.0061434
,,,park,,,,,,center,way/190045088,,,,,,,,,,,,,,,,,,,,,,,,,28.4540277,76.9970133
,,,park,,,,,,center,way/190045092,,,,,,,,,,,,,,,,,,,,,,,,,28.4545159,77.0073909
,,,park,,,,,,center,way/190045093,,,,,,,,,,,,,,,,,,,,,,,,,28.453982,76.9955565
,,,park,,,,,,center,way/190244450,,,,,,,,,,,,,,,,,,,,,,,,,28.4322671,77.0432579
,,,park,,,,,,center,way/190244452,,,,,,,,,,,,,,,,,,,,,,,,,28.4336761,77.0437543
,,,park,,,,,,center,way/190244453,,,,,,,,,,,,,,,,,,,,,,,,,28.4345384,77.0420747
,,,park,,,,,,center,way/266156904,,,,,,,,,,,,,,,,,,,,,,,,,28.4752341,77.0900382
,,,park,,,,,,center,way/266156907,,,,,,,,,,,,,,,,,,,,,,,,,28.4755925,77.0923852
,,,park,,,,,,center,way/266156908,,,,,,,,,,,,,,,,,,,,,,,,,28.4751035,77.0914818
,,,park,,,,,,center,way/266156912,,,,,,,,,,,,,,,,,,,,,,,,,28.4752145,77.0889735
,,,park,,,,,,center,way/266156913,,,,,,,,,,,,,,,,,,,,,,,,,28.4740516,77.0925827
,,,park,,,,,,center,way/266156914,,,,,,,,,,,,,,,,,,,,,,,,,28.4742627,77.0908419
,,,park,,,,,,center,way/266156915,,,,,,,,,,,,,,,,,,,,,,,,,28.473421,77.0927017
,,,park,,,,,,center,way/267003268,,,,,,,,,,,,,,,,,,,,,,,,,28.4994784,77.0984231
,,,park,,,,,,center,way/269649967,,,,,,,grass,,,,,,,,,,,,,,,,,,28.4159692,77.0682581
,,,park,,,,,,,node/271336428,,http://www.kotak.com,,,,,,,,,,,2025-02-23,Kotak Mahindra Bank;india,Kotak Mahindra Bank,,Kotak Mahindra Bank,,,bank,,,Q2040404,,28.4808629,77.0848883
,,,park,,,,,,center,way/272211029,,,,,,,,,,,wall,,,,,,,,,,,,,,28.3678535,76.9463047
,,,park,,,,,,center,way/272403956,,,,,,,,,,,wall,,,,,,,,,,,,,,28.376133,76.9007354
,,,park,,,,,,center,way/272522250,,,,,,,,,,,,,,,,,,,,,,,,,28.3640516,76.9364371
,,,park,,,,,,center,way/272539540,,,,,,,,,,,wall,,,,,,,,,,,,,,28.3787552,76.8888832
,,,park,,,,,,center,way/272539541,,,,,,,,,,,wall,,,,,,,,,,,,,,28.3768516,76.8888576
,,,park,,,,,,center,way/272612965,,,,,,,,,,,wall,,,,,,,,,,,,,,28.4456448,77.0927511
,,,park,,,,,,center,way/272612967,,,,,,,,,,,,,,,,,,,,,,,,,28.4375687,77.075287
,,,park,,,,,,center,way/272616513,,,,,,,,,,,wall,,,,,,,,,,,,,,28.4397015,77.0745247
,,,park,,,,,,center,way/272616514,,,,,,,,,,,wall,,,,,,,,,,,,,,28.4402412,77.0752667
,,,park,,,,,,center,way/272616515,,,,,,,,,,,wall,,,,,,,,,,,,,,28.4411286,77.0752456
,,,park,,,,,,center,way/272616517,,,,,,,,,,,wall,,,,,,,,,,,,,,28.4420172,77.0752131
,,,park,,,,,,center,way/272749561,,,,,,,,,,,wall,,,,,,,,,,,,,,28.4203987,77.0797616
,,,park,,,,,,center,way/272749571,,,,,,,,,,,wall,,,,,,,,,,,,,,28.4221445,77.0777966
,,,park,,,,,,center,way/273327656,,,,,,,,,,,wall,,,,,,,,,,,,,,28.4073437,77.0154081
,,,park,,,,,,center,way/273327657,,,,,,,,,,,wall,,,,,,,,,,,,,,28.4054801,77.0138525
,,,park,,,,,,center,way/273327658,,,,,,,,,,,wall,,,,,,,,,,,,,,28.4074666,77.0177056
,,,park,,,,,,center,way/273327659,,,,,,,,,,,wall,,,,,,,,,,,,,,28.4055599,77.0149713
,,,park,,,,,,center,way/273327661,,,,,,,,,,,wall,,,,,,,,,,,,,,28.4094487,77.0150472
,,,park,,,,,,center,way/273327662,,,,,,,,,,,wall,,,,,,,,,,,,,,28.4078565,77.016734
,,,park,,,,,,center,way/273327664,,,,,,,,,,,wall,,,,,,,,,,,,,,28.4085744,77.0147036
,,,park,,,,,,center,way/273327665,,,,,,,,,,,wall,,,,,,,,,,,,,,28.4070363,77.0140597
,,,park,,,,,,center,way/273409239,,,,,,,,,,,wall,,,,,,,,,,,,,,28.510801,77.0328331
,,,park,,,,,,center,way/273409242,,,,,,,,,,,,,,,,,,,,,,,,,28.5218459,77.0451337
,,,park,,,,,,center,way/273409243,,,,,,,,,,,wall,,,,,,,,,,,,,,28.5089319,77.0293339
,,,park,,,,,,center,way/273409244,,,,,,,,,,,,,,,,,,,,,,,,,28.5224719,77.0420204
,,,park,,,,,,center,way/273409245,,,,,,,,,,,,,,,,,,,,,,,,,28.5069684,77.038067
,,,park,,,,,,center,way/273409246,,,,,,,,,,,wall,,,,,,,,,,,,,,28.5124959,77.038397
,,,park,,,,,,center,way/273409247,,,,,,,,,,,,,,,,,,,,,,,,,28.5197891,77.0408967
,,,park,,,,,,center,way/273409248,,,,,,,,,,,wall,,,,,,,,,,,,,,28.5125714,77.0325624
,,,park,,,,,,center,way/273409249,,,,,,,,,,,,,,,,,,,,,,,,,28.5220443,77.0420127
,,,park,,,,,,center,way/273409250,,,,,,,,,,,wall,,,,,,,,,,,,,,28.5121297,77.0421528
,,,park,,,,,,center,way/273409251,,,,,,,,,,,,,,,,,,,,,,,,,28.5218785,77.044084
,,,park,,,,,,center,way/273409252,,,,,,,,,,,wall,,,,,,,,,,,,,,28.511734,77.0323564
,,,park,,,,,,center,way/273409253,,,,,,,,,,,wall,,,,,,,,,,,,,,28.5138361,77.0344985
,,,park,,,,,,center,way/273409254,,,,,,,,,,,wall,,,,,,,,,,,,,,28.5060596,77.0343946
,,,park,,,,,,center,way/273409256,,,,,,,,,,,wall,,,,,,,,,,,,,,28.5080969,77.0358649
,,,park,,,,,,center,way/273409257,,,,,,,,,,,,,,,,,,,,,,,,,28.5230071,77.0429799
,,,park,,,,,,center,way/273409258,,,,,,,,,,,,,,,,,,,,,,,,,28.5214007,77.0460808
,,,park,,,,,,center,way/273409259,,,,,,,,,,,wall,,,,,,,,,,,,,,28.5136868,77.0337032
,,,park,,,,,,center,way/273409260,,,,,,,,,,,wall,,,,,,,,,,,,,,28.5044576,77.0285909
,,,park,,,,,,center,way/273409261,,,,,,,,,,,,,,,,,,,,,,,,,28.5207791,77.0412704
,,,park,,,,,,center,way/273409262,,,,,,,,,,,wall,,,,,,,,,,,,,,28.5127102,77.0426513
,,,park,,,,,,center,way/273409265,,,,,,,,,,,wall,,,,,,,,,,,,,,28.506302,77.0295784
,,,park,,,,,,center,way/273409266,,,,,,,,,,,,,,,,,,,,,,,,,28.5214595,77.0419437
,,,park,,,,,,center,way/273409267,,,,,,,,,,,,,,,,,,,,,,,,,28.5207499,77.0469351
,,,park,,,,,,center,way/273409268,,,,,,,,,,,wall,,,,,,,,,,,,,,28.5119327,77.0338092
,,,park,,,,,,center,way/273409269,,,,,,,,,,,wall,,,,,,,,,,,,,,28.510768,77.0378743
,,,park,,,,,,center,way/273409270,,,,,,,,,,,wall,,,,,,,,,,,,,,28.5065332,77.0352925
,,,park,,,,,,center,way/273409271,,,,,,,,,,,wall,,,,,,,,,,,,,,28.5061173,77.0371214
,,,park,,,,,,center,way/273409275,,,,,,,,,,,wall,,,,,,,,,,,,,,28.5243273,77.0423654
,,,park,,,,,,center,way/273409276,,,,,,,,,,,wall,,,,,,,,,,,,,,28.5219815,77.0400858
,,,park,,,,,,center,way/273409277,,,,,,,,,,,wall,,,,,,,,,,,,,,28.5053267,77.0328501
,,,park,,,,,,center,way/273409278,,,,,,,,,,,wall,,,,,,,,,,,,,,28.5046538,77.0296222
,,,park,,,,,,center,way/273409284,,,,,,,,,,,wall,,,,,,,,,,,,,,28.5060013,77.0319113
,,,park,,,,,,center,way/273409285,,,,,,,,,,,wall,,,,,,,,,,,,,,28.5144962,77.0344754
,,,park,,,,,,center,way/273409286,,,,,,,,,,,wall,,,,,,,,,,,,,,28.5108397,77.0304057
,,,park,,,,,,center,way/273409292,,,,,,,,,,,wall,,,,,,,,,,,,,,28.5069376,77.0285193
,,,park,,,,,,center,way/273409293,,,,,,,,,,,wall,,,,,,,,,,,,,,28.5107913,77.0354236
,,,park,,,,,,center,way/273409295,,,,,,,,,,,wall,,,,,,,,,,,,,,28.5150119,77.0339398
,,,park,,,,,,center,way/273409298,,,,,,,,,,,wall,,,,,,,,,,,,,,28.5178453,77.0411309
,,,park,,,,,,center,way/273417183,,,,,,,,,,,,,,,,,,,,,,,,,28.4996156,77.020823
,,,park,,,,,,center,way/282431807,,,,,,,,,,,,,,,,,,,,,,,,,28.4453624,77.0080176
,,,park,,,,,,center,way/297353904,,,,,,,,,,,,,,Triangle Park,,,,,,,,,,,28.4443401,77.0635857
,,,park,,,,,,center,way/297353910,,,,,,,,,,,,,,Triangle Children Park,,,,,,,,,,,28.4443271,77.0641678
,,,park,,,,,,center,way/349910266,,,,,,,,,,,wall,,,,,,,,,,,,,,28.5052145,77.0468073
,,,park,,,,,,center,way/349910269,,,,,,,,,,,wall,,,,,,,,,,,,,,28.5047454,77.0473607
,,,park,,,,,,center,way/349910273,,,,,,,,,,,wall,,,,,,,,,,,,,,28.5062387,77.0473127
,,,park,,,,,,center,way/401251826,,,,,,,,,,,,,,,,,,,,,,,,,28.3443776,76.9424771
,,,park,,,,,,center,way/411357284,,,,,,,,,,,,,,,,,,,,,,,,,28.4454463,77.0728795
,,,park,,,,,,center,way/411357289,,,,,,,,,,,,,,,,,,,,,,,,,28.4445522,77.0732001
,,,park,,,,,,center,way/414178866,,,,,,,,,,,,,,Candor Badminton Court And Park,,,,,,,,,,,28.5106112,77.0721605
,,,park,,,,,,center,way/420275291,,,,,,,,,,,,,,,,,,,,,,,,,28.5052367,77.0579204
,,,park,,,,,,center,way/420981892,,,,,,,grass,,,,,,,,,,,,,,,,,,28.4586927,77.0414936
,,,park,,,,,,center,way/422805420,,,,,,,,,,,,,,,,,,,,,,,,,28.4432626,77.0704142
,,,park,,,,,,center,way/423057677,,,,,,,grass,,,,,,,,,,,,,,,,,,28.4365607,77.0623169
,,,park,,,,,,center,way/423061730,,,,,,,,,,,,,,,,,,,,,,,,,28.453838,77.0699673
,,,park,,,,,,center,way/423067661,,,,,,,,,,,,,,,,,,,,,,,,,28.4541413,77.0635836
,,,park,,,,,,center,way/423108017,,,,,,,grass,,,,,,,,,,,,,,,,,,28.4367693,77.0655819
,,,park,,,RWA,private,,center,way/423115180,Gurugram,,,,122001,,,,,,,,,N Block Central Park,,,,,,,,N Block,,,28.4263361,77.0619209
,,,park,,,,,,center,way/423116763,,,,,,,grass,,,,,,,,,,,,,,,,,,28.4352591,77.064072
,,,park,,,,,,center,way/423270301,,,,,,,grass,,,,,,,,,,,,,,,,,,28.4039292,77.0684054
,,,park,,,,,,center,way/423270304,,,,,,,grass,,,,,,,,,,,,,,,,,,28.4063313,77.0706366
,,,park,,,,,,center,way/423270305,,,,,,,grass,,,,,,,,,,,,,,,,,,28.4070315,77.0699688
,,,park,,,,,,center,way/423270307,,,,,,,grass,,,,,,,,,,,,,,,,,,28.4037762,77.062417
,,,park,,,,,,center,way/423270308,,,,,,,grass,,,,,,,,,,,,,,,,,,28.4063377,77.0707399
,,,park,,,,,,center,way/423270309,,,,,,,grass,,,,,,,,,,,,,,,,,,28.4037337,77.0627563
,,,park,,,,,,center,way/423270311,,,,,,,grass,,,,,,,,,,,,,,,,,,28.4043176,77.0625029
,,,park,,,,,,center,way/423298943,,,,,,,grass,,,,,,,,,,,,,,,,,,28.4055394,77.0614306
,,,park,,,,,,center,way/423343434,,,,,,,grass,,,,,,,,,,,,,,,,,,28.4171561,77.0771438
,,,park,,Is this a public park?,,,,center,way/423531272,,,,,,,,,,,,,,,,,,,,,,,,,28.4141609,77.0666314
,,,park,,,,,,center,way/423531273,,,,,,,grass,,,,,,,,,,,,,,,,,,28.4193012,77.063866
,,,park,,,,,,center,way/423531274,,,,,,,grass,,,,,,,,,,,,,,,,,,28.4183093,77.0608456
,,,park,,,,,,center,way/423531275,,,,,,,grass,,,,,,,,,,,,,,,,,,28.4152797,77.0659978
,,,park,,,,,,center,way/423531276,,,,,,,grass,,,,,,,,,,,,,,,,,,28.4166379,77.0651622
,,,park,,,,,,center,way/423531277,,,,,,,grass,,,,,,,,,,,,,,,,,,28.4120896,77.0651844
,,,park,,,,,,center,way/423531278,,,,,,,grass,,,,,,,,,,,,,,,,,,28.4180923,77.0641316
,,,park,,,,,,center,way/423531565,,,,,,,grass,,,,,,,,,,,,,,,,,,28.4118731,77.0631519
,,,park,,,,,,center,way/423594856,,,,,,,grass,,,,,,,,,,,,,,,,,,28.4544731,77.0413846
,,,park,,,,,,center,way/423594857,,,,,,,grass,,,,,,,,,,,,,,,,,,28.457123,77.0401093
,,,park,,,,,,center,way/423594858,,,,,,,,,,,wall,,,,,,,,,,,,,,28.4591121,77.0478375
,,,park,,,,,,center,way/423619136,,,,,,,,,,,,,,,,,,,,,,,,,28.4411982,77.0471876
,,,park,,,,,,center,way/423619154,,,,,,,grass,,,,,,,,,,,,,,,,,,28.4412991,77.0478883
,,,park,,,,,,center,way/423734334,,,,,,,grass,,,,,,,,,,,,,,,,,,28.4546087,77.0455677
,,,park,,,,,,center,way/423734335,,,,,,,,,,,wall,,,Silver Jubilee Park,,,,,,,,,,,28.4575953,77.0483509
,,,park,,,,,,center,way/423734336,,,,,,,grass,,,,,,,,,,,,,,,,,,28.4569329,77.0543685
,,,park,,,,,,center,way/423734337,,,,,,,grass,,,,,,,,,,,,,,,,,,28.4530711,77.0440335
,,,park,,,,,,center,way/423742697,,,,,,,grass,,,,,,,,,,,,,,,,,,28.4508342,77.0510759
,,,park,,,,,,center,way/426762197,,,,,,,,,Cyclist Assembly Area,,,,,Gaushala - PedalYatri,,,,,,,,,,,28.3986244,77.109884
,,,park,,,,,,center,way/442956526,,,,,,,,,,,,,,,,,,,,,,,,,28.4518896,77.0590603
,,,park,,,,,,center,way/442957603,,,,,,,,,,,,,,,,,,,,,,,,,28.4503006,77.0618478
,,,park,,,,,,center,way/442957604,,,,,,,,,,,,,,,,,,,,,,,,,28.4486123,77.0609802
,,,park,,,,,,center,way/442957606,,,,,,,,,,,,,,,,,,,,,,,,,28.453081,77.0649652
,,,park,,,,,,center,way/442969479,,,,,,,,,,,,,,,,,,,,,,,,,28.4650539,77.0866013
,,,park,,,,,,center,way/442969480,,,,,,,,,,,,,,,,,,,,,,,,,28.464806,77.0835853
,,,park,,,,,,center,way/469561029,,,,,,,,,,,,,,,,,,,,,,,,,28.4857142,77.1072942
,,,park,,,,,,center,way/469561030,,,,,,,,,,,,,,,,,,,,,,,,,28.4857096,77.107289
,,,park,,,,,,center,way/469561479,,,,,,,,,,,,,,,,,,,,,,,,,28.4844721,77.1073633
,,,park,,,,,,center,way/469561517,,,,,,,,,,,,,,,,,,,,,,,,,28.4846813,77.1072024
,,,park,,,,,,center,way/469561715,,,,,,,,,,,,,,,,,,,,,,,,,28.4843842,77.1070648
,,,park,,,,,,center,way/469563648,,,,,,,,,,,,,,,,,,,,,,,,,28.266409,77.0647533
,,,park,,,,,,center,way/471501657,,,,,,,,,,,,,,Malibu Town Tower 3-4 Park,,,,,,,,,,,28.4230835,77.0399306
,,,park,,,,,,center,way/471501661,,,,,,,,,,,,,,Imperia Towers Park,,,,,,,,,,,28.4229993,77.0414895
,,,park,,,,,,center,way/471502959,,,,,,,,,,,,,,Malibu Town Parks,,,,,,,,,,,28.4209658,77.0425652
,,,park,,,,,,center,way/473960925,,,,,,,,,,,,,,,,,,,,,,,,,28.4620717,77.0427154
,,,park,,,,,,center,way/473960926,,,,,,,,,,,,,,,,,,,,,,,,,28.463406,77.0450716
,,,park,,,,,,center,way/473960927,,,,,,,,,,,,,,,,,,,,,,,,,28.4637545,77.0440645
,,,park,,,,,,center,way/473960928,,,,,,,,,,,,,,,,,,,,,,,,,28.4631292,77.0460628
,,,park,,,,,,center,way/473960929,gurgaon,,,,12001,,,1076420,,,,,,,,,,,,,,Mehrauli-Gurgaon Road,,24/7,28.4632484,77.0430256
,,,park,,,,,,center,way/473960930,,,,,,,,,,,,,,,,,,,,,,,,,28.4638747,77.0418677
,,,park,,,,,,center,way/473960931,,,,,,,,,,,,,,,,,,,,,,,,,28.4633063,77.0424076
,,,park,,,,,,center,way/482822215,Gurgaon,,,,122002,,,Dlf Phase-3,Jogging track which is runnable along most of the way but has sections with tree roots.,,,,,RK Convent Park,,,,,,,,U-50,,,28.4912581,77.0947872
,,,park,,,,,,center,way/483520532,,,,,,,,,,,,,,,,,,,,,,,,,28.5170476,77.0446176
,,,park,,,,,,center,way/490407162,,,,,,,,,,,,,,Herbal Garden,,,,,,,,,,,28.5089738,77.088791
,,,park,,,,,,center,way/492728960,,,,,,,,,,,,,,Huda Park,,,,,,,,,,,28.4288235,77.0957191
,,,park,,,,,,center,way/492742442,Gurgaon,,,,122001,,,,,,,,,Dussehra Ground,,,,,,,,New Colony,,,28.4653455,77.0149421
,,,park,,,,,,center,way/492742443,Gurgaon,,,,122001,,,,,,,,,Jitender Bahl Municipal Park,,,,,,,,New Colony,,,28.4656266,77.0171431
,,,park,,,,,,center,way/502480491,,,,,,,,,Public Park,,,,,,,,,,,,,,,,28.421728,77.1069901
,,,park,,,,,,center,way/525918450,,,,,,,,,,,,,,,,,,,,,,,,,28.436643,77.1147826
,,,park,,,,,,center,way/525918451,,,,,,,,,,,,,,,,,,,,,,,,,28.4375275,77.1128099
,,,park,,,,,,center,way/525918452,,,,,,,,,,,,,,,,,,,,,,,,,28.4363942,77.1135528
,,,park,,,,,,center,way/525918453,,,,,,,,,,,,,,,,,,,,,,,,,28.43711,77.1110906
,,,park,,,,,,center,way/525918454,,,,,,,,,,,,,,,,,,,,,,,,,28.4367598,77.1094491
,,,park,,,,,,center,way/525918455,,,,,,,,,,,,,,,,,,,,,,,,,28.4340839,77.1107177
,,,park,,,,,,center,way/525922260,,,,,,,,,,,,,,,,,,,,,,,,,28.434819,77.1124339
,,,park,,,,,,center,way/544127170,,,,,,,,,,,wall,,,Radha Krishna Park,,,,,,,,,,,28.4556157,77.0487534
,,,park,,,,,,center,way/545162107,,,,,,,,,,,,,,,,grass,,,,,,,,,28.4047097,77.0436203
,,,park,,,,,,center,way/546519112,,,,,,,,,,,,,,Royal Presidency Park,,,,,,,,,,,28.4420411,77.0638215
,,,park,,,,,,center,way/546519114,,,,,,,,,,,,,,"Sports Complex, Sector 45",,,,,,,,,,,28.4413046,77.0656417
,,,park,,,,,,center,way/546520217,,,,,,,,,,,,,,Park behind St. Angel's school,,,,,,,,,,,28.4411732,77.0694313
,,,park,,,,,,center,way/546520572,,,,,,,,,,,,,,,,,,,,,,,,,28.4426148,77.070875
,,,park,,,,,,center,way/546520573,,,,,,,,,,,,,,,,,,,,,,,,,28.4401035,77.0714441
,,,park,,,,,,center,way/546520574,,,,,,,,,,,,,,,,,,,,,,,,,28.4395715,77.0655628
,,,park,,,,,,center,way/557700825,,,,,,,,,"Municipal park with benches and walking paths surrounded by small shrubs, flower beds and well-maintained grass",,,,,,,,,,,,,,,,28.4355837,77.088811
,,,park,,,,,,center,way/581309919,,,,,,,,,"Small park for society residents
",,,,,Karanvir Towers Park,,,,,,,,,,,28.4352519,77.08955
,,,park,,,,,,center,way/581313140,,,,,,,,,,,,,,Golden Crest park and green area,,,,,,,,,,,28.4357155,77.0894684
,,,park,,,,,,center,way/581313412,,,,,,,,,,,,,,Butterfly Park Gurgaon,,,,,,,,,,,28.4364522,77.0919942
,,,park,,,,,,center,way/589014180,Gurugram,,,,122010,,Pink Town House,Dlf Phase -3,,,,,,Central Park,,,,,,,,U-24,,,28.4944482,77.0985008
,,,park,,,,,,center,way/592315617,,,,,,,,,,,,,,Palm Drive Gardens,,,,,,,,,,,28.4016387,77.0525854
,,,park,,,,,,center,way/592316728,,,,,,,,,,,,,,,,,,,,,,,,,28.4030722,77.0511201
,,,park,,,,,,center,way/592323494,,,,,,,,,,,,,,,,,,,,,,,,,28.399564,77.052149
,,,park,,,,,,center,way/592721845,,,,,,,,,,,,,,,,,,,,,,,,,28.4923795,77.09267
,,,park,,,,,,center,way/615614840,,,,,,,,,,,,,,Secctor 23 Maarket Park,,,,,,,,,,,28.5108379,77.0507141
,,,park,,,,,,center,way/615615431,,,,,,,,,,,,,,Community Park S2302,,,,,,,,,,,28.5122073,77.0565774
,,,park,,,,,,center,way/625513669,,,,,,,,,,,,,,Common Park,,,,,,,,,,,28.4426206,77.0654235
,,,park,,,,,,center,way/629362237,,,,,,,,,,,,,,,,,,,,,,,,,28.424604,77.0348058
,,,park,,,,,,center,way/629413037,,,,,,,,,,,,,,Nile's Central Park,,,,,,,,,,,28.4101823,77.0502963
,,,park,,,,,,center,way/630236232,,,,,,,,,,,,,,,,,,,,,,,,,28.4136839,77.0457397
,,,park,,,,,,center,way/630236234,,,,,,,,,,,,,,,,,,,,,,,,,28.4156632,77.0461726
,,,park,,,,,,center,way/630421732,,,,,,,,,,,,,,,,,,,,,,,,,28.4129822,77.0479822
,,,park,,,,,,center,way/651388658,,,,,,,,,,,,,,White Wood Central Park,,,,,,,,,,,28.4264667,77.0494069
,,,park,,,,,,center,way/689295726,Gurgoan,,,,122002,,,,,,,,,S Block Park,,,,,,,,Galli Number 28,,24/7,28.4864731,77.1036275
grass,,,park,,,,,,center,way/692838409,,,,,,,,,,,,,,Rose Garden,,,,,,,,,,,28.4148525,77.0920604
grass,,,park,,,,,,center,way/692838411,,,,,,,,,,,,,,Flower Park,,,,,,,,,,,28.414286,77.0922374
,,,park,,,,,,center,way/738481365,,,,,,,,,,,,,,,,,,,,,,,,,28.4712276,76.9996612
,,,park,,,,,,center,way/738481366,,,,,,,,,,,,,,,,,,,,,,,,,28.4712276,76.9998235
,,,park,,,,,,center,way/738481367,,,,,,,,,,,,,,,,,,,,,,,,,28.4720078,76.9973655
,,,park,,,MCG,,,center,way/742628572,,,,,,,,,,,,,,samadhan hub park,,,,,,,,,,24/7,28.4552416,77.0892282
,,,park,,,,,,center,way/748812233,Gurgaon,,,,122002,,,U-69/20,,,,,,RWA Park,,,,,,,,U--69,,Mo-Su 08:00-22:00,28.4889864,77.0946493
,,,park,,,,,yes,center,way/754941764,,,,,,,,,,,,,,Warizabad Ecorestoration Park,,,,,,,,,,,28.4553289,77.0892076
,,,park,,,,,yes,center,way/754941765,,,,,,,,,,,,,,Warizabad Ecorestoration Park,,,,,,,,,,,28.4540738,77.0891527
,,,park,,,,,,center,way/843253867,,,,,,,,,,,,,,,,,,off,,,,,,,28.4455067,77.064914
,,,park,,,,,,center,way/859812484,,,,,,,,,,,,,,,,,,,,,,,,,28.4727263,77.0685409
,,,park,,,,,,center,way/860021400,,,,,,,,,,,,,,,,,,,,,,,,,28.4612633,77.0574863
,,no,park,,,,,no,center,way/982039384,Gurgaon,,,,122001,,,,,,,,,Gulab Park,,,,restricted,,,,Sector 43,,sunrise-sunset,28.4551942,77.0815205
,,no,park,,,National Media Centre,,no,center,way/1042625416,,,,,,,,,,,,,,Kid's Park,,,,,,,,,,Mo-Su 08:00-18:00,28.4989768,77.0952134
,,,park,,,GMDA,,,center,way/1076312325,Gurugram,,,,122017,,,,,,,,,Major Vinod Rana Park,,,,,,,,Sector 110A,,,28.5113937,77.0268653
,,,park,,,Mahindra Aura,,,center,way/1076434964,,,,,,,,Mahindra Aura,,,,,,Central Greens,,,,,,,,,,,28.5128979,77.026718
,,,park,,,Mahindra Aura,,,center,way/1076435578,,,,,,,,,,,,Q2153,,Netaji Subhash Chandra Bose Park,,,,,,,,,,,28.5130802,77.0255075
,,,park,,,,,,center,way/1079172957,,,,,,,,,,,,,,,,,,,,,,,,,28.4085282,77.0402016
,,,park,,,,,,center,way/1082525975,,,,,,,,,,,,,,park,,,,,,,,,,,28.2879397,76.8573554
,,,park,,,,,,center,way/1108051690,,,,,,,,,,,,,,,,,,,,,,,,,28.4770218,77.0907563
,,,park,,,,,,center,way/1168785739,,,,,,,,,,,,,,,,,,,,,,,,,28.4598142,77.0994697
,,,park,,,,,,center,way/1168785740,,,,,,,,,,,,,,,,,,,,,,,,,28.4611406,77.1021386
,,,park,,,,,,center,way/1188645981,,,,,,,,,,,,,,,,,,,,,,,,,28.4297892,77.0920722
,,,park,,,,,,center,way/1195003748,,,,,,,,,,,,,,,,,,,,,,,,,28.4260194,77.0665875
,,,park,,,,,,center,way/1195171935,,,,,,,,,,,,,,,,,,,,,,,,,28.4708937,77.0881088
,,,park,,,Municipal Coorporation Gurugram,government,,center,way/1195171946,Gurugram,,Samaspur,,,,,,,,,,,Park Number 5,,,,,Gurugram,,,,,,28.4274611,77.0654022
,,,park,,,,,,center,way/1195179949,,,,,,,,,,,,,,,,,,,,,,,,,28.4573441,77.0955357
,,,park,,,,,,center,way/1195179955,,,,,,,,,,,,,,,,,,,,,,,,,28.461679,77.0938274
,,,park,,,,,,center,way/1217686711,,,,,,,,,,,,,,,,,,,,,,,,,28.4638585,77.0900731
,,,park,,,,,,center,way/1217691768,,,,,,,,,,,,,,,,,,,,,,,,,28.4614785,77.0913814
,,,park,,,,,,center,way/1217765669,,,,,,,,,,,,,,,,,,,,,,,,,28.4256751,77.0924839
,,,park,,,,,,center,way/1218682953,,,,,,,,,,,,,,,,,,,,,,,,,28.4715227,77.091324
,,,park,,,,,,center,way/1218682956,,,,,,,,,,,,,,,,,,,,,,,,,28.4694186,77.088074
,,,park,,,C Block RWA,private,,center,way/1220968209,Gurugram,,,,122001,,,,,,,,,Manav Rachna Playground cum C Block Main Park,,,,,,,,C Block May Field Gardens,,,28.4224938,77.0612097
,,,park,,,,,,center,way/1220968333,,,,,,,,,,,,,,,,,,,,,,,,,28.4251499,77.0784282
,,,park,,,,,,center,way/1220968499,,,,,,,,,,,,,,,,,,,,,,,,,28.4728688,77.0773849
,,,park,,,,,,center,way/1220968628,,,,,,,,,,,,,,,,,,,,,,,,,28.4735357,77.0820375
,,,park,,,,,,center,way/1220968972,,,,,,,,,,,,,,,,,,,,,,,,,28.474688,77.0796251
,,,park,,,,,,center,way/1220969274,,,,,,,,,,,,,,,,,,,,,,,,,28.4742733,77.0807715
,,,park,,,,,,center,way/1222327377,,,,,,,,,,,,,,,,,,,,,,,,,28.4284509,77.056176
,,,park,,park boundary correction by local survey,,,,center,way/1222327378,,,,,,,,,,,,,,,,,,,,,,,,,28.4290277,77.0535821
,,,park,,,,,,center,way/1223763806,,,,,,,,,,,,,,,,,,,,,,,,,28.4452503,77.1048805
,,,park,,,,,,center,way/1224672242,"DLF CITY, Phase 2",,,,122002,,,8-9,,,,,,Gulmohar Marg Park,,,,,Gurgaon,,,Gulmohar Marg Extention,,,28.4810507,77.0737366
,,,park,,,,,,center,way/1226655024,,,,,,,,,,,,,,,,,,,,,,,,,28.4301372,77.0627726
,,,park,,,,,,center,way/1227687509,,,,,,,,,,,,,,,,,,,,,,,,,28.3671254,76.9491682
,,,park,,,,,,center,way/1227687510,,,,,,,,,,,,,,,,,,,,,,,,,28.3670629,76.9505159
,,,park,,,,,,center,way/1227687511,,,,,,,,,,,,,,,,,,,,,,,,,28.3655383,76.9505855
,,,park,,,,,,center,way/1227687512,,,,,,,,,,,,,,,,,,,,,,,,,28.3674957,76.9483525
,,,park,,,,,,center,way/1227687513,,,,,,,,,,,,,,,,,,,,,,,,,28.3660978,76.9477894
,yes,,park,,,,,,center,way/1227950252,,,,,,,,,,,,,,,,,,,,,,,,,28.4263705,77.0655465
,yes,,park,,,,,,center,way/1228658282,,,,,,,,,,,,,,,,,,,,,,,,,28.4301033,77.0661786
,yes,,park,,,,,,center,way/1228658283,,,,,,,,,,,,,,,,,,,,,,,,,28.4307766,77.0676438
,yes,,park,,,,,,center,way/1228658285,,,,,,,,,,,,,,,,,,,,,,,,,28.4315185,77.0674707
,yes,,park,,,,,,center,way/1228658286,,,,,,,,,,,,,,,,,,,,,,,,,28.4319197,77.0682726
,yes,,park,,,,,,center,way/1228658290,,,,,,,,,,,,,,,,,,,,,,,,,28.4324943,77.0682565
,yes,,park,,,,,,center,way/1228658298,,,,,,,,,,,,,,,,,,,,,,,,,28.4306014,77.0670525
,,,park,,,,,,center,way/1244261070,,,,,,,,,,,,,,,,,,,,,,,,,28.4160725,77.0379918
,,,park,,,,,,center,way/1244261073,,,,,,,,,,,,,,,,,,,,,,,,,28.4166798,77.0389421
,,,park,,,,,,center,way/1244261074,,,,,,,,,,,,,,,,,,,,,,,,,28.4168155,77.0364116
,,,park,,,Resident's Welfare Association,association,,center,way/1247506035,Gurgaon,,,,122102,,recreation_ground,,,,,,,King's Park,,,,,Gurgaon,,,"E Block Ave, E Block, Ansal Esencia, Sector 67",,24/7,28.3860342,77.0642276
,yes,,park,,,Resident's Welfare Association,association,,center,way/1247511524,Gurgaon,,,,122102,,recreation_ground,,,,,,,Queen's Park,,,,,Gurgaon,,,"E Block Ave, E Block, Ansal Esencia, Sector 67",,24/7,28.3851891,77.0638596
,yes,,park,,,Resident's Welfare Association,association,,center,way/1247513931,Gurgaon,,,,122102,,recreation_ground,,,,,,,,,,,,Gurgaon,,,"E Block Ave, E Block, Ansal Esencia, Sector 67",,24/7,28.3858131,77.0610598
,,,park,,,Resident's Welfare Association,association,,center,way/1247545901,Gurgaon,,,,122102,,recreation_ground,,,,,,,O3 Park,,,,,Gurgaon,,,"Ansal Esencia, Sector 67",,24/7,28.3865251,77.0591003
,,,park,,,RWA,association,,center,way/1247545902,Gurgaon,,,,122102,,,,,,,,,,,,,,Gurgaon,,,"Ansal Esencia, Sector 67",,24/7,28.3869496,77.0585027
,,,park,,,RWA,association,,center,way/1247545903,Gurgaon,,,,122102,,,,,,,,,Tranquile Groove,,,,,Gurgaon,,,"Ansal Esencia, Sector 67",,24/7,28.3849618,77.0585594
,,,park,,,RWA,,,center,way/1247545904,Gurgaon,,,,122102,,,,,,,,,,,,,,Gurgaon,,,"Ansal Esencia, Sector 67",,24/7,28.3832491,77.0585075
,,,park,,,RWA,association,,center,way/1247545905,Gurgaon,,,,122102,,recreation_ground,,,,,,,Hyde Park,,,,,Gurgaon,,,"Ansal Esencia, Sector 67",,24/7,28.382419,77.0592238
,,,park,,,RWA,association,,center,way/1247545906,Gurgaon,,,,122102,,recreation_ground,,,,,,,Eco Grove Park,,,,,Gurgaon,,,"F Block, Ansal Esencia, Sector 67",,24/7,28.3823961,77.0635242
,,,park,,,RWA,association,,center,way/1247550805,Gurgaon,,,,122102,,recreation_ground,,,,,,,H2O Park,,,,,Gurgaon,,,"D Block, Ansal Esencia, Sector 67",,24/7,28.3872564,77.0604155
,,,park,,,RWA,association,,center,way/1247550806,Gurgaon,,,,122102,,recreation_ground,,,,,,,O2 Park,,,,,Gurgaon,,,"A Block, Ansal Esencia, Sector 67",,24/7,28.3878699,77.0586433
,,,park,,,,,,center,way/1247552530,,,,,,,,,,,,,,,,,,,,,,,,,28.3904106,77.0574489
,,,park,,,,,,center,way/1247552531,,,,,,,,,,,,,,,,,,,,,,,,,28.3905095,77.0582496
,permissive,,park,,,RWA,association,,center,way/1247552532,,,,,,,,,,,,,,,,,,,,,,,,sunrise-sunset,28.3897192,77.0580302
,,,park,,,,,,center,way/1247552533,,,,,,,,,,,,,,,,,,,,,,,,,28.3872202,77.0638148
,,,park,,,,,,center,way/1247552535,,,,,,,,,,,,,,,,,,,,,,,,,28.3865239,77.0637893
,,,park,,,,,,center,way/1253892528,,,,,,,,,,,,,,,,,,,,,,,,,28.4398177,77.041164
,,,park,,,,,,center,way/1253892529,,,,,,,,,,,,,,,,,,,,,,,,,28.4401678,77.0404203
,,,park,,,,,,center,way/1253892530,,,,,,,,,,,,,,,,,,,,,,,,,28.4394183,77.0416042
,,,park,,,J Block MayField Gardens,private,,center,way/1260741044,Gurugram,,,,122001,,,,,,,,,Main Triangular Park,,,,,,,,J Block,,,28.4225693,77.0643163
,,,park,,,RWA,private,,center,way/1260743940,Gurugram,,,,122001,,,,J Block Joggers Park,,,,,Joggers Park,,,,,,,,J Block,,,28.4233103,77.0629703
,,,park,,,Temple,private,,center,way/1260750144,Gurugram,,,,122001,,,,,,,,,Temple Park,,,,,,,,N Block,,,28.4264676,77.060624
,,,park,,,Housing Board,public,,center,way/1260759155,,,,,,,,,,,,,,Housing Board Park N Block,,,,,,,,,,,28.4264818,77.063093
,,,park,,,,,,center,way/1270574306,,,,,,,,,,,,,,,,,,,,,,,,,28.466319,77.018276
,,,park,,,,,,center,way/1270574308,,,,,,,,,,,,,,,,,,,,,,,,,28.4673393,77.0158391
,,,park,,,,,,center,way/1270574309,,,,,,,,,,,,,,,,,,,,,,,,,28.4686365,77.016645
,,,park,,,,,,center,way/1270574310,,,,,,,,,,,,,,,,,,,,,,,,,28.4694578,77.0005491
,,,park,,,,,,center,way/1270574311,,,,,,,,,,,,,,,,,,,,,,,,,28.4682194,76.9988723
,,,park,,,,,,center,way/1270574326,,,,,,,,,,,,,,,,,,,,,,,,,28.4309134,77.0638847
,,,park,,,,,,center,way/1270574327,,,,,,,,,,,,,,,,,,,,,,,,,28.4312569,77.0638143
,,,park,,,,,,center,way/1270574328,,,,,,,,,,,,,,,,,,,,,,,,,28.4306377,77.0622302
,,,park,,,,,,center,way/1270574329,,,,,,,,,,,,,,,,,,,,,,,,,28.4386252,77.0552969
,,,park,,,,,,center,way/1270694619,,,,,,,,,,,,,,,,,,,,,,,,,28.4344904,77.0699121
,,,park,,,,,,center,way/1270694621,,,,,,,,,,,,,,,,,,,,,,,,,28.4336716,77.06775
,,,park,,,,,,center,way/1271122115,,,,,,,,,,,,,,,,,,,,,,,,,28.4242233,77.0818462
,,,park,,,,,,center,way/1271122118,,,,,,,,,,,,,,,,,,,,,,,,,28.4284479,77.0855747
,,,park,,,,,,center,way/1271122120,,,,,,,,,,,,,,,,,,,,,,,,,28.4281676,77.0880865
,,,park,,,,,,center,way/1271124846,,,,,,,,,,,,,,,,,,,,,,,,,28.4317975,77.0756902
,,,park,,,,,,center,way/1271124847,,,,,,,,,,,,,,,,,,,,,,,,,28.4331733,77.0736922
,,,park,,,,,,center,way/1271124848,,,,,,,,,,,,,,,,,,,,,,,,,28.4372135,77.0706754
,,,park,,,,,,center,way/1271124850,,,,,,,,,,,,,,,,,,,,,,,,,28.4494319,77.0829166
,,,park,,,,,,center,way/1271124851,,,,,,,,,,,,,,,,,,,,,,,,,28.4489377,77.0814275
,,,park,,,,,,center,way/1271124852,,,,,,,,,,,,,,,,,,,,,,,,,28.4548765,77.0782953
,,,park,,,,,,center,way/1296966884,,,,,,,,,,,,,,,,,,,,,,,,,28.4235,77.0625406
,,,park,,,,,,center,way/1298616319,,,,,,,,,,,,,,,,,,,,,,,,,28.4029406,76.9103345
,,,park,,,,,,center,way/1298616320,,,,,,,,,,,,,,,,,,,,,,,,,28.3992552,76.9147977
,,,park,,,,,,center,way/1299461620,,,,,,,,,,,,,,,,,,,,,,,,,28.2492207,76.8158928
,,,park,,,,,,center,way/1300397431,,,,,,,,,,,,,,,,,,,,,,,,,28.427471,77.0649269
,yes,,park,,,Powergrid,,,center,way/1305388327,,,,yes,,,,,,,,,,,,,,,,,,,,,28.4567251,77.074541
,,,park,,,,,,center,way/1313203041,,,,,,,,,,,,,,,,,,,,,,,,,28.4322586,77.0670916
,,,park,,,,,,center,way/1315446100,,,,,,,,,,,,,,,,,,,,,,,,,28.4208947,77.0740147
,,,park,,,,,,center,way/1331281992,,,,,,,,,,,,,,,,,,,,,,,,,28.4756529,76.9692261
,,,park,,,,,,center,way/1337326032,,,,,,,,,,,,,,,,,,,,,,,,,28.4301935,77.0618183
,,,park,,,,,,center,way/1337326040,,,,,,,,,,,,,,,,,,,,,,,,,28.4245142,77.0756153
,,,park,,,,,,center,way/1337326046,,,,,,,,,,,,,,,,,,,,,,,,,28.4086396,77.0364771
,,,park,,,,,,center,way/1360363323,,,,,,,,,,,,,,,,,,,,,,,,,28.3335004,76.8811546
,,,park,,,,,,center,way/1360363555,,,,,,,,,,,,,,,,,,,,,,,,,28.3333229,76.8837598
,,,park,,,,,,center,way/1383659344,,,,,,,,,,,,,,,,,,,,,,,,,28.4477471,77.056898
,,,park,,,,,,center,way/1383661790,,,,,,,,,,,,,,,,,,,,,,,,,28.4323107,77.0191736
,,,park,,,,,,center,way/1387719418,,,Samaspur,,,,,,,,,,,Park 2,,,,,,,,,,,28.4253037,77.0660497
,,,park,,,,,,center,way/1387719422,,,,,,,,,,,,,,,,,,,,,,,,,28.4225971,77.0565623
,,,park,,,,,,center,way/1408776567,,,,,,,,,,,,,,F Block Park,,,,,,,,,,,28.4165564,77.0548196
,,,park,,,,,,center,way/1408777029,,,,,,,,,,,,,,F Block Open Gym,,,,,,,,,,,28.4157867,77.05492
,,,park,,,,,,center,way/1418900639,,,,,,,,,,,,,,,,,,,,,,,,,28.498861,77.0939125
,,,park,,,,,,center,way/1420164521,,,,,,,,,,,,,,,,,,,,,,,,,28.5008224,77.0928151
,,,park,,,,,,center,way/1422826986,Gurugram,,,,,,,,,,,,,Upvan Park,Upvan Park,,,,Gurugram,,,,,,28.4548031,77.0915797
,,,park,,,,,,center,way/1422826987,,,,,,,,,,,,,,,,,,,,,,,,,28.4558794,77.0927116
,,,park,,,,,,center,way/1422826988,,,,,,,,,,,,,,,,,,,,,,,,,28.4546974,77.0930204
,,,park,,,,,,center,way/1422826989,,,,,,,,,,,,,,,,,,,,,,,,,28.4737692,77.0745314
,,,park,,,,,,center,way/1422826990,,,,,,,,,,,,,,,,,,,,,,,,,28.4717739,77.0739231
,,,park,,,,,,center,way/1422826991,,,,,,,,,,,,,,,,,,,,,,,,,28.4737961,77.0772614
,,,park,,,,,,center,way/1423287504,,,,,,,,,,,,,,,,,,,,,,,,,28.4511056,77.0759149
,yes,,park,,,,,,,node/5378350223,,,,,,,,,A park with pathways for walking. Also has benches for sitting. Lacks shaded areas though.,,,,,Sector 52 Park,,,,,,,,,,,28.435141,77.0886406
,yes,,park,,,,,,,node/5378362990,,,,,,,,,A park with pathways for walking. Also has benches for sitting. Lacks shaded areas though.,,,,,Sector 52 Park,,,,,,,,,,,28.4352144,77.088689
,,,park,,,,,,,node/5624723854,GURGAON,,,,,,,sector 32,,,,,,Infocity Park,,,,,,,,Infocity Phase 1,,,28.4302895,77.0153305
,,,park,,,,,,,node/5677866690,,,,,,,,,Thousand Shades Butterfly Park,,,,,,,,,,,,,,,,28.4382436,77.0900826
,,,park,,,,,,,node/6219552403,,,,,,,,,,,,,,,,,,,,,,,,,28.3931187,77.0217528
,,,park,,,,,,,node/6223496985,,,,,,,,,,,,,,,,,,,,,,,,,28.4049644,77.0419167
,,,park,,,open for every one,,,,node/7829458290,Gurugram,,,,122001,,,"4/8, shakti nagar road, Laxmi garden,sector 11,grugram ,haryana","it's great park in society , lots of people and children like to came here for hangout",,,,,Tikona Park,,,,,,,,"shakti nagar road, Laxmi garden,sector 11,grugram ,haryana",,24/7,28.4537674,77.0172825
,,,park,,,it's open for every one lots of people like to came here for hangout,,,,node/7829458291,Gurugram,,,,122001,,,"4/8, Shakti nagar road, laxmi garden,sector 11,gurgaon, Haryana",it's great place and it's open for every one lots of people like to came here for hangout,,,,,Children park,,,,,,,,"Shakti nagar road, laxmi garden,sector 11,gurgaon, Haryana",,24/7,28.4532911,77.017516
,,,park,,,public place,,,,node/7829480979,Gurugram,,,,122001,,,"4 marla ,khandsa road,sector 11 , gurugram ,haryana",,,,,,Atal Vatika Park,,,,,,,,"khandsa road,sector 11 , gurugram ,haryana",,24/7,28.4533282,77.0195396
,,,park,,,,,,,node/7829627325,,,,,,,,,,,,,,,,,,,,,,,,,28.4545286,77.0213438
,,,park,,,,,,,node/8012330500,,,,,,,,,,,,,,,,,,,,,,,,,28.461903,77.0652412
,,,park,,,,,,,node/10968937275,,,,,,,,,,,,,,,,,,,,,,,,,28.4226909,77.0994187
,,,park,,,,,,,node/12397467101,,,,,,,,,,,,,,,,,,,,,,,,,28.4687471,77.0074434
,,,park,,,,,,,node/12397468001,,,,,,,,,,,,,,,,,,,,,,,,,28.4668898,77.0079678
